n,group,day,machine,org,application,work_type,gps_ha_a7
1,S,2026-09-16,МТЗ-80Х 80 613 EA,Бухоро Гарден,APP-BUXOR-2026-0000887,Дефоляция,1.759
2,S,2026-09-02,МТЗ-80Х 80 261 EA,Когон ПТЗ,APP-KOGON-2026-0000572,Баргидан озиқлантириш(суспензия) ва Қишлок хўжалик хашароти ва зараркунандаларига карши кимёвий ишлов бериш,5.192
3,S,2026-09-04,МТЗ-80Х 80 514 GA,Пешку Сервис,APP-PESHK-2026-0000694,Баргидан озиқлантириш(суспензия) ва Қишлок хўжалик хашароти ва зараркунандаларига карши кимёвий ишлов бериш,10.981
4,S,2026-09-07,МТЗ-80Х 80 261 EA,Когон ПТЗ,APP-KOGON-2026-0000597,Баргидан озиқлантириш(суспензия) ва Қишлок хўжалик хашароти ва зараркунандаларига карши кимёвий ишлов бериш,3.026
5,P,2026-09-05,New Holland 7060 80 156 СА,Когон ПТЗ,APP-KOGON-2026-0000588,Шудгорлаш (New Holland),1.906
6,P,2026-09-23,New Holland 7060 80 080 НА,Заминлари,APP-ZAMIN-2026-0000522,Шудгорлаш (New Holland),3.815
7,P,2026-09-28,New Holland 7060 80 584 CA,Когон ПТЗ,APP-KOGON-2026-0000742,Шудгорлаш (New Holland),7.283
8,P,2026-09-09,New Holland 7060 80 156 СА,Когон ПТЗ,APP-KOGON-2026-0000612,Шудгорлаш (New Holland),1.424
9,O,2026-09-08,МТЗ-80Х 80 265 ЕА,Когон ПТЗ,APP-KOGON-2026-0000604,КПН килинган жойни чизеллаш,1.137
10,O,2026-09-08,New Holland 7060 80 584 CA,Когон ПТЗ,APP-KOGON-2026-0000602,Ер текислаш (Длина воз 1 марта ўтиш),4.293
11,O,2026-09-12,Ростсельмаш 2375 80 556 НА,Гиждувон ПТЗ,APP-GIJDU-2026-0000133,Чуқур юмшатиш (Рехнтел),7.026
12,O,2026-09-21,Ростсельмаш 2375 80 727 HA,Пешку Сервис,APP-PESHK-2026-0000721,Чуқур юмшатиш (Рехнтел),1.077
