flight_id,hardware_id,start_at_utc,field_land_uuid,land_revision_id,raw_area_m2,area_status,v4_summary_id,contour_reason,coverage_status,reason,unique_application_ha,unique_application_inside_field_ha,application_outside_field_ha,swath_integral_ha,s_minus_u_ha,repeated_application_ha,s_over_u,painted_swath_total_ha,flown_not_applied_ha,repeated_share_of_unique,contour_ha,contour_status,cell_m,coarsened,widths_used_m,s_single_width,segment_length_m,uncertainty_percent,thresholds,discriminating
688446950,1581F574B235W00100Q5,2026-08-17 19:03:07,3fed5a46-2991-4a7e-b721-1f819790cfb6,954,10080.0,RAW_CORROBORATED_QUALIFIED,1,HISTORICAL_GEOMETRY_NOT_PROVEN,ESTIMATE,,1.0092,,,0.9859,-0.0233,,0.9769,1.0888,0.0796,-0.0231,,CONTOUR_ABSENT,0.5,False,6.3,True,"{""APPLICATION_EDGE"": 3.7118266705938754, ""NO_APPLICATION"": 241.35923759104156, ""NO_WIDTH"": 333.42193423781083, ""STANDSTILL"": 0.0, ""WORK"": 1564.916500591979}","{""clipped_all_ha"": null, ""clipped_work_ha"": null, ""contour_ha"": null, ""swath_all_ha"": 0.03, ""swath_work_ha"": 0.03}","{""cell_m"": 0.5, ""max_frame_gap_s"": 3.0, ""max_ground_speed_mps"": 20.0, ""width_rule"": ""min_of_two_endpoints"", ""work_rule"": ""application_on_both_endpoints""}",False
688449585,1581F574B235W00100Q5,2026-08-17 19:12:40,3fed5a46-2991-4a7e-b721-1f819790cfb6,954,9980.0,RAW_CORROBORATED_QUALIFIED,4,HISTORICAL_GEOMETRY_NOT_PROVEN,ESTIMATE,,1.0046,,,0.9789,-0.0257,,0.9744,1.0904,0.0858,-0.0256,,CONTOUR_ABSENT,0.5,False,6.3,True,"{""APPLICATION_EDGE"": 3.3671544447242385, ""NO_APPLICATION"": 247.56930926700758, ""NO_WIDTH"": 445.7460733864621, ""STANDSTILL"": 0.0, ""WORK"": 1553.8530404474573}","{""clipped_all_ha"": null, ""clipped_work_ha"": null, ""contour_ha"": null, ""swath_all_ha"": 0.03, ""swath_work_ha"": 0.03}","{""cell_m"": 0.5, ""max_frame_gap_s"": 3.0, ""max_ground_speed_mps"": 20.0, ""width_rule"": ""min_of_two_endpoints"", ""work_rule"": ""application_on_both_endpoints""}",False
688452738,1581F574B235W00100Q5,2026-08-17 19:22:53,3fed5a46-2991-4a7e-b721-1f819790cfb6,954,10300.0,RAW_CORROBORATED_QUALIFIED,9,HISTORICAL_GEOMETRY_NOT_PROVEN,ESTIMATE,,1.0382,,,1.0122,-0.026,,0.9749,1.1205,0.0823,-0.0251,,CONTOUR_ABSENT,0.5,False,6.3,True,"{""APPLICATION_EDGE"": 4.173813369799568, ""NO_APPLICATION"": 233.55904135155836, ""NO_WIDTH"": 542.5097592118527, ""STANDSTILL"": 0.0, ""WORK"": 1606.5939036846898}","{""clipped_all_ha"": null, ""clipped_work_ha"": null, ""contour_ha"": null, ""swath_all_ha"": 0.096, ""swath_work_ha"": 0.096}","{""cell_m"": 0.5, ""max_frame_gap_s"": 3.0, ""max_ground_speed_mps"": 20.0, ""width_rule"": ""min_of_two_endpoints"", ""work_rule"": ""application_on_both_endpoints""}",False
688455776,1581F574B235W00100Q5,2026-08-17 19:32:56,3fed5a46-2991-4a7e-b721-1f819790cfb6,954,8520.0,RAW_CORROBORATED_QUALIFIED,12,HISTORICAL_GEOMETRY_NOT_PROVEN,ESTIMATE,,0.8964,,,0.9027,0.0063,0.0063,1.007,1.1865,0.2901,0.007,,CONTOUR_ABSENT,0.5,False,6.3,True,"{""APPLICATION_EDGE"": 3.8237990103983264, ""NO_APPLICATION"": 677.2036252339435, ""NO_WIDTH"": 279.8398393770509, ""STANDSTILL"": 0.0, ""WORK"": 1432.830739270776}","{""clipped_all_ha"": null, ""clipped_work_ha"": null, ""contour_ha"": null, ""swath_all_ha"": 0.078, ""swath_work_ha"": 0.078}","{""cell_m"": 0.5, ""max_frame_gap_s"": 3.0, ""max_ground_speed_mps"": 20.0, ""width_rule"": ""min_of_two_endpoints"", ""work_rule"": ""application_on_both_endpoints""}",False
688456707,1581F574B235W00100Q5,2026-08-17 19:43:29,,,0.0,APPLICATION_WITHOUT_MEASURED_AREA,15,HISTORICAL_GEOMETRY_NOT_PROVEN,NO_CONFIRMED_APPLICATION,NO_WIDTH,,,,,,,,,,,,CONTOUR_ABSENT,,,,False,"{""NO_WIDTH"": 317.97684473934936, ""STANDSTILL"": 0.0}",{},{},False
688459116,1581F574B235W00100Q5,2026-08-17 19:47:33,427b0261-0096-4cdb-aa3d-7e3b397b778f,955,10006.0,RAW_CORROBORATED_QUALIFIED,16,HISTORICAL_GEOMETRY_NOT_PROVEN,ESTIMATE,,1.0015,,,0.987,-0.0145,,0.9856,1.0961,0.0946,-0.0144,,CONTOUR_ABSENT,0.5,False,6.3,True,"{""APPLICATION_EDGE"": 2.5450258621518476, ""NO_APPLICATION"": 190.93674960369435, ""NO_WIDTH"": 344.9821862331904, ""STANDSTILL"": 0.0, ""WORK"": 1566.7278876509524}","{""clipped_all_ha"": null, ""clipped_work_ha"": null, ""contour_ha"": null, ""swath_all_ha"": 0.03, ""swath_work_ha"": 0.03}","{""cell_m"": 0.5, ""max_frame_gap_s"": 3.0, ""max_ground_speed_mps"": 20.0, ""width_rule"": ""min_of_two_endpoints"", ""work_rule"": ""application_on_both_endpoints""}",False
688461762,1581F574B235W00100Q5,2026-08-17 19:57:23,427b0261-0096-4cdb-aa3d-7e3b397b778f,955,9986.0,RAW_CORROBORATED_QUALIFIED,19,HISTORICAL_GEOMETRY_NOT_PROVEN,ESTIMATE,,1.0032,,,0.988,-0.0152,,0.9848,1.0591,0.0559,-0.0152,,CONTOUR_ABSENT,0.5,False,6.3,True,"{""APPLICATION_EDGE"": 2.6421848806519623, ""NO_APPLICATION"": 226.17901001858556, ""NO_WIDTH"": 408.1277382805241, ""STANDSTILL"": 0.0, ""WORK"": 1568.1993348359042}","{""clipped_all_ha"": null, ""clipped_work_ha"": null, ""contour_ha"": null, ""swath_all_ha"": 0.02, ""swath_work_ha"": 0.02}","{""cell_m"": 0.5, ""max_frame_gap_s"": 3.0, ""max_ground_speed_mps"": 20.0, ""width_rule"": ""min_of_two_endpoints"", ""work_rule"": ""application_on_both_endpoints""}",False
688464086,1581F574B235W00100Q5,2026-08-17 20:06:51,427b0261-0096-4cdb-aa3d-7e3b397b778f,955,9960.0,RAW_CORROBORATED_QUALIFIED,24,HISTORICAL_GEOMETRY_NOT_PROVEN,ESTIMATE,,1.0008,,,0.9851,-0.0157,,0.9843,1.0304,0.0296,-0.0157,,CONTOUR_ABSENT,0.5,False,6.3,True,"{""APPLICATION_EDGE"": 2.462199889371829, ""NO_APPLICATION"": 275.3518120289087, ""NO_WIDTH"": 543.1185911862108, ""STANDSTILL"": 0.0, ""WORK"": 1563.6613539376103}","{""clipped_all_ha"": null, ""clipped_work_ha"": null, ""contour_ha"": null, ""swath_all_ha"": 0.02, ""swath_work_ha"": 0.02}","{""cell_m"": 0.5, ""max_frame_gap_s"": 3.0, ""max_ground_speed_mps"": 20.0, ""width_rule"": ""min_of_two_endpoints"", ""work_rule"": ""application_on_both_endpoints""}",False
688467354,1581F574B235W00100Q5,2026-08-17 20:16:50,427b0261-0096-4cdb-aa3d-7e3b397b778f,955,9800.0,RAW_CORROBORATED_QUALIFIED,28,HISTORICAL_GEOMETRY_NOT_PROVEN,ESTIMATE,,0.979,,,0.9824,0.0034,0.0034,1.0034,1.1255,0.1465,0.0034,,CONTOUR_ABSENT,0.5,False,6.3,True,"{""APPLICATION_EDGE"": 3.582939849393683, ""NO_APPLICATION"": 373.20122266112935, ""NO_WIDTH"": 641.3769401461625, ""STANDSTILL"": 0.0, ""WORK"": 1559.31733034021}","{""clipped_all_ha"": null, ""clipped_work_ha"": null, ""contour_ha"": null, ""swath_all_ha"": 0.0, ""swath_work_ha"": 0.0}","{""cell_m"": 0.5, ""max_frame_gap_s"": 3.0, ""max_ground_speed_mps"": 20.0, ""width_rule"": ""min_of_two_endpoints"", ""work_rule"": ""application_on_both_endpoints""}",False
688472018,1581F574B235W00100Q5,2026-08-17 20:27:29,427b0261-0096-4cdb-aa3d-7e3b397b778f,955,3773.0,RAW_CORROBORATED_QUALIFIED,31,HISTORICAL_GEOMETRY_NOT_PROVEN,ESTIMATE,,0.4311,,,0.4263,-0.0048,,0.9889,0.4313,0.0002,-0.0111,,CONTOUR_ABSENT,0.5,False,6.3,True,"{""APPLICATION_EDGE"": 0.4999735134566219, ""NO_APPLICATION"": 5.686641218601607, ""NO_WIDTH"": 520.2664911055947, ""STANDSTILL"": 0.0, ""WORK"": 676.6734801770841}","{""clipped_all_ha"": null, ""clipped_work_ha"": null, ""contour_ha"": null, ""swath_all_ha"": 0.0, ""swath_work_ha"": 0.0}","{""cell_m"": 0.5, ""max_frame_gap_s"": 3.0, ""max_ground_speed_mps"": 20.0, ""width_rule"": ""min_of_two_endpoints"", ""work_rule"": ""application_on_both_endpoints""}",False
688472021,1581F574B235W00100Q5,2026-08-17 20:32:32,,,1540.0,RAW_UNVERIFIED,34,HISTORICAL_GEOMETRY_NOT_PROVEN,ESTIMATE,,0.1598,,,0.1553,-0.0045,,0.972,0.1794,0.0196,-0.028,,CONTOUR_ABSENT,0.5,False,"6.3,8.0",False,"{""APPLICATION_EDGE"": 0.6440905022277448, ""NO_APPLICATION"": 26.37834696780669, ""WORK"": 194.1855592516223}","{""clipped_all_ha"": null, ""clipped_work_ha"": null, ""contour_ha"": null, ""swath_all_ha"": 0.25, ""swath_work_ha"": 0.25}","{""cell_m"": 0.5, ""max_frame_gap_s"": 3.0, ""max_ground_speed_mps"": 20.0, ""width_rule"": ""min_of_two_endpoints"", ""work_rule"": ""application_on_both_endpoints""}",False
688472022,1581F574B235W00100Q5,2026-08-17 20:33:34,3fed5a46-2991-4a7e-b721-1f819790cfb6,954,3773.0,RAW_UNVERIFIED,35,HISTORICAL_GEOMETRY_NOT_PROVEN,NO_CONFIRMED_APPLICATION,NO_WIDTH,,,,,,,,,,,,CONTOUR_ABSENT,,,,False,"{""NO_APPLICATION"": 36.561903823185375, ""NO_WIDTH"": 107.89033542883773}",{},{},False
688472024,1581F574B235W00100Q5,2026-08-17 20:34:06,3fed5a46-2991-4a7e-b721-1f819790cfb6,954,1300.0,RAW_UNVERIFIED,36,HISTORICAL_GEOMETRY_NOT_PROVEN,ESTIMATE,,0.3562,,,0.3475,-0.0087,,0.9755,0.4876,0.1314,-0.0245,,CONTOUR_ABSENT,0.5,False,6.3,True,"{""APPLICATION_EDGE"": 1.2728192163020795, ""NO_APPLICATION"": 228.19791950070433, ""NO_WIDTH"": 0.516785609890315, ""WORK"": 551.535445911313}","{""clipped_all_ha"": null, ""clipped_work_ha"": null, ""contour_ha"": null, ""swath_all_ha"": 0.056, ""swath_work_ha"": 0.056}","{""cell_m"": 0.5, ""max_frame_gap_s"": 3.0, ""max_ground_speed_mps"": 20.0, ""width_rule"": ""min_of_two_endpoints"", ""work_rule"": ""application_on_both_endpoints""}",False
688474689,1581F574B235W00100Q5,2026-08-17 20:39:18,6cbfa0e1-3225-465e-9d26-f516850041fe,956,9746.0,RAW_CORROBORATED_QUALIFIED,38,HISTORICAL_GEOMETRY_NOT_PROVEN,ESTIMATE,,0.9692,,,0.9481,-0.0211,,0.9782,1.0152,0.046,-0.0218,,CONTOUR_ABSENT,0.5,False,6.2,True,"{""APPLICATION_EDGE"": 3.013200124515263, ""GAP"": 10.814607028800827, ""NO_APPLICATION"": 157.6343435052891, ""NO_WIDTH"": 715.4358699675274, ""STANDSTILL"": 0.0, ""WORK"": 1529.1600880419232}","{""clipped_all_ha"": null, ""clipped_work_ha"": null, ""contour_ha"": null, ""swath_all_ha"": 0.062, ""swath_work_ha"": 0.062}","{""cell_m"": 0.5, ""max_frame_gap_s"": 3.0, ""max_ground_speed_mps"": 20.0, ""width_rule"": ""min_of_two_endpoints"", ""work_rule"": ""application_on_both_endpoints""}",False
688479512,1581F574B235W00100Q5,2026-08-17 20:49:26,6cbfa0e1-3225-465e-9d26-f516850041fe,956,9533.0,RAW_CORROBORATED_QUALIFIED,43,HISTORICAL_GEOMETRY_NOT_PROVEN,ESTIMATE,,0.9562,,,0.9352,-0.021,,0.978,1.0153,0.0591,-0.022,,CONTOUR_ABSENT,0.5,False,6.2,True,"{""APPLICATION_EDGE"": 3.1086482967978677, ""NO_APPLICATION"": 185.19922435205595, ""NO_WIDTH"": 709.0949420396855, ""STANDSTILL"": 0.0, ""WORK"": 1508.390177058576}","{""clipped_all_ha"": null, ""clipped_work_ha"": null, ""contour_ha"": null, ""swath_all_ha"": 0.167, ""swath_work_ha"": 0.167}","{""cell_m"": 0.5, ""max_frame_gap_s"": 3.0, ""max_ground_speed_mps"": 20.0, ""width_rule"": ""min_of_two_endpoints"", ""work_rule"": ""application_on_both_endpoints""}",False
688484359,1581F574B235W00100Q5,2026-08-17 21:00:52,6cbfa0e1-3225-465e-9d26-f516850041fe,956,9626.0,RAW_CORROBORATED_QUALIFIED,46,HISTORICAL_GEOMETRY_NOT_PROVEN,ESTIMATE,,0.964,,,0.9563,-0.0077,,0.992,1.04,0.076,-0.008,,CONTOUR_ABSENT,0.5,False,6.2,True,"{""APPLICATION_EDGE"": 2.7083660157488167, ""NO_APPLICATION"": 159.36900168402929, ""NO_WIDTH"": 660.4285549228277, ""STANDSTILL"": 0.0, ""WORK"": 1542.41281958638}","{""clipped_all_ha"": null, ""clipped_work_ha"": null, ""contour_ha"": null, ""swath_all_ha"": 0.093, ""swath_work_ha"": 0.093}","{""cell_m"": 0.5, ""max_frame_gap_s"": 3.0, ""max_ground_speed_mps"": 20.0, ""width_rule"": ""min_of_two_endpoints"", ""work_rule"": ""application_on_both_endpoints""}",False
688488264,1581F574B235W00100Q5,2026-08-17 21:10:50,6cbfa0e1-3225-465e-9d26-f516850041fe,956,3386.0,RAW_CORROBORATED_QUALIFIED,49,HISTORICAL_GEOMETRY_NOT_PROVEN,ESTIMATE,,0.4135,,,0.4102,-0.0033,,0.9921,0.4789,0.0654,-0.0079,,CONTOUR_ABSENT,0.5,False,6.2,True,"{""APPLICATION_EDGE"": 0.780041134033566, ""NO_APPLICATION"": 107.90995110309409, ""NO_WIDTH"": 587.7560567401939, ""STANDSTILL"": 0.0, ""WORK"": 661.6449267072863}","{""clipped_all_ha"": null, ""clipped_work_ha"": null, ""contour_ha"": null, ""swath_all_ha"": 0.121, ""swath_work_ha"": 0.121}","{""cell_m"": 0.5, ""max_frame_gap_s"": 3.0, ""max_ground_speed_mps"": 20.0, ""width_rule"": ""min_of_two_endpoints"", ""work_rule"": ""application_on_both_endpoints""}",False
688530993,1581F574B235W00100Q5,2026-08-17 22:27:28,84b553f3-6812-440b-a59f-61b59c0f7332,957,9853.0,RAW_CORROBORATED_QUALIFIED,64,HISTORICAL_GEOMETRY_NOT_PROVEN,ESTIMATE,,0.9911,,,0.9788,-0.0123,,0.9876,1.0153,0.0242,-0.0124,,CONTOUR_ABSENT,0.5,False,6.3,True,"{""APPLICATION_EDGE"": 2.192288044731326, ""NO_APPLICATION"": 88.93070146554375, ""NO_WIDTH"": 10.532905189213691, ""STANDSTILL"": 0.0, ""WORK"": 1553.6119171250896}","{""clipped_all_ha"": null, ""clipped_work_ha"": null, ""contour_ha"": null, ""swath_all_ha"": 0.05, ""swath_work_ha"": 0.05}","{""cell_m"": 0.5, ""max_frame_gap_s"": 3.0, ""max_ground_speed_mps"": 20.0, ""width_rule"": ""min_of_two_endpoints"", ""work_rule"": ""application_on_both_endpoints""}",False
688540927,1581F574B235W00100Q5,2026-08-17 22:38:59,84b553f3-6812-440b-a59f-61b59c0f7332,957,9813.0,RAW_CORROBORATED_QUALIFIED,70,HISTORICAL_GEOMETRY_NOT_PROVEN,ESTIMATE,,0.9908,,,0.9742,-0.0166,,0.9832,1.0365,0.0457,-0.0168,,CONTOUR_ABSENT,0.5,False,6.3,True,"{""APPLICATION_EDGE"": 2.5408326371749634, ""NO_APPLICATION"": 159.8308104450025, ""NO_WIDTH"": 47.06810610645026, ""STANDSTILL"": 0.0, ""WORK"": 1546.296562176926}","{""clipped_all_ha"": null, ""clipped_work_ha"": null, ""contour_ha"": null, ""swath_all_ha"": 0.05, ""swath_work_ha"": 0.05}","{""cell_m"": 0.5, ""max_frame_gap_s"": 3.0, ""max_ground_speed_mps"": 20.0, ""width_rule"": ""min_of_two_endpoints"", ""work_rule"": ""application_on_both_endpoints""}",False
688551463,1581F574B235W00100Q5,2026-08-17 22:50:52,84b553f3-6812-440b-a59f-61b59c0f7332,957,9573.0,RAW_CORROBORATED_QUALIFIED,73,HISTORICAL_GEOMETRY_NOT_PROVEN,ESTIMATE,,0.9623,,,0.9465,-0.0158,,0.9836,1.0489,0.0866,-0.0164,,CONTOUR_ABSENT,0.5,False,6.3,True,"{""APPLICATION_EDGE"": 2.534415896892691, ""NO_APPLICATION"": 257.8342115359093, ""NO_WIDTH"": 101.2858065849386, ""STANDSTILL"": 0.0, ""WORK"": 1502.4039420976922}","{""clipped_all_ha"": null, ""clipped_work_ha"": null, ""contour_ha"": null, ""swath_all_ha"": 0.062, ""swath_work_ha"": 0.062}","{""cell_m"": 0.5, ""max_frame_gap_s"": 3.0, ""max_ground_speed_mps"": 20.0, ""width_rule"": ""min_of_two_endpoints"", ""work_rule"": ""application_on_both_endpoints""}",False
688562465,1581F574B235W00100Q5,2026-08-17 23:01:40,84b553f3-6812-440b-a59f-61b59c0f7332,957,10106.0,RAW_CORROBORATED_QUALIFIED,76,HISTORICAL_GEOMETRY_NOT_PROVEN,ESTIMATE,,1.0193,,,1.0031,-0.0162,,0.9841,1.1156,0.0963,-0.0159,,CONTOUR_ABSENT,0.5,False,6.3,True,"{""APPLICATION_EDGE"": 2.576644492861474, ""NO_APPLICATION"": 342.0850332375617, ""NO_WIDTH"": 143.59999417435196, ""STANDSTILL"": 0.0, ""WORK"": 1592.1908765436683}","{""clipped_all_ha"": null, ""clipped_work_ha"": null, ""contour_ha"": null, ""swath_all_ha"": 0.088, ""swath_work_ha"": 0.088}","{""cell_m"": 0.5, ""max_frame_gap_s"": 3.0, ""max_ground_speed_mps"": 20.0, ""width_rule"": ""min_of_two_endpoints"", ""work_rule"": ""application_on_both_endpoints""}",False
688575000,1581F574B235W00100Q5,2026-08-17 23:13:15,84b553f3-6812-440b-a59f-61b59c0f7332,957,9926.0,RAW_CORROBORATED_QUALIFIED,80,HISTORICAL_GEOMETRY_NOT_PROVEN,ESTIMATE,,1.0013,,,0.9873,-0.014,,0.986,1.0957,0.0944,-0.014,,CONTOUR_ABSENT,0.5,False,6.3,True,"{""APPLICATION_EDGE"": 2.69984371902391, ""NO_APPLICATION"": 325.9415453227148, ""NO_WIDTH"": 229.33714907578937, ""STANDSTILL"": 0.0, ""WORK"": 1567.1792051115654}","{""clipped_all_ha"": null, ""clipped_work_ha"": null, ""contour_ha"": null, ""swath_all_ha"": 0.05, ""swath_work_ha"": 0.05}","{""cell_m"": 0.5, ""max_frame_gap_s"": 3.0, ""max_ground_speed_mps"": 20.0, ""width_rule"": ""min_of_two_endpoints"", ""work_rule"": ""application_on_both_endpoints""}",False
688588184,1581F574B235W00100Q5,2026-08-17 23:25:09,84b553f3-6812-440b-a59f-61b59c0f7332,957,9880.0,RAW_CORROBORATED_QUALIFIED,83,HISTORICAL_GEOMETRY_NOT_PROVEN,ESTIMATE,,0.9989,,,0.9818,-0.0171,,0.9829,1.0237,0.0248,-0.0171,,CONTOUR_ABSENT,0.5,False,6.3,True,"{""APPLICATION_EDGE"": 2.5619443564627473, ""NO_APPLICATION"": 227.15236124392183, ""NO_WIDTH"": 417.370192399084, ""STANDSTILL"": 0.0, ""WORK"": 1558.460519845909}","{""clipped_all_ha"": null, ""clipped_work_ha"": null, ""contour_ha"": null, ""swath_all_ha"": 0.03, ""swath_work_ha"": 0.03}","{""cell_m"": 0.5, ""max_frame_gap_s"": 3.0, ""max_ground_speed_mps"": 20.0, ""width_rule"": ""min_of_two_endpoints"", ""work_rule"": ""application_on_both_endpoints""}",False
688597204,1581F574B235W00100Q5,2026-08-17 23:36:25,84b553f3-6812-440b-a59f-61b59c0f7332,957,2733.0,RAW_CORROBORATED_QUALIFIED,86,HISTORICAL_GEOMETRY_NOT_PROVEN,ESTIMATE,,0.2869,,,0.2807,-0.0062,,0.9784,0.3863,0.0994,-0.0216,,CONTOUR_ABSENT,0.5,False,6.3,True,"{""APPLICATION_EDGE"": 1.245241270980177, ""NO_APPLICATION"": 172.7485173732897, ""NO_WIDTH"": 461.43512290968994, ""STANDSTILL"": 0.0, ""WORK"": 445.5733493527842}","{""clipped_all_ha"": null, ""clipped_work_ha"": null, ""contour_ha"": null, ""swath_all_ha"": 0.035, ""swath_work_ha"": 0.035}","{""cell_m"": 0.5, ""max_frame_gap_s"": 3.0, ""max_ground_speed_mps"": 20.0, ""width_rule"": ""min_of_two_endpoints"", ""work_rule"": ""application_on_both_endpoints""}",False
689285659,1581F574B235W00100Q5,2026-08-18 16:56:17,e4031958-c11d-46fa-8971-0e75929126c6,958,9913.0,RAW_CORROBORATED_QUALIFIED,176,HISTORICAL_GEOMETRY_NOT_PROVEN,ESTIMATE,,0.9958,,,0.9764,-0.0194,,0.9805,1.0392,0.0434,-0.0195,,CONTOUR_ABSENT,0.5,False,6.2,True,"{""APPLICATION_EDGE"": 3.417569884386902, ""NO_APPLICATION"": 217.12717871842838, ""NO_WIDTH"": 151.01265035506154, ""STANDSTILL"": 0.0, ""WORK"": 1574.8021166980202}","{""clipped_all_ha"": null, ""clipped_work_ha"": null, ""contour_ha"": null, ""swath_all_ha"": 0.02, ""swath_work_ha"": 0.02}","{""cell_m"": 0.5, ""max_frame_gap_s"": 3.0, ""max_ground_speed_mps"": 20.0, ""width_rule"": ""min_of_two_endpoints"", ""work_rule"": ""application_on_both_endpoints""}",False
689288257,1581F574B235W00100Q5,2026-08-18 17:06:07,e4031958-c11d-46fa-8971-0e75929126c6,958,9966.0,RAW_CORROBORATED_QUALIFIED,182,HISTORICAL_GEOMETRY_NOT_PROVEN,ESTIMATE,,0.9969,,,0.982,-0.0149,,0.9851,1.0921,0.0952,-0.0149,,CONTOUR_ABSENT,0.5,False,6.2,True,"{""APPLICATION_EDGE"": 2.4503601703905247, ""NO_APPLICATION"": 207.8596372282661, ""NO_WIDTH"": 30.395942326039282, ""STANDSTILL"": 0.0, ""WORK"": 1583.922091223144}","{""clipped_all_ha"": null, ""clipped_work_ha"": null, ""contour_ha"": null, ""swath_all_ha"": 0.04, ""swath_work_ha"": 0.04}","{""cell_m"": 0.5, ""max_frame_gap_s"": 3.0, ""max_ground_speed_mps"": 20.0, ""width_rule"": ""min_of_two_endpoints"", ""work_rule"": ""application_on_both_endpoints""}",False
689292637,1581F574B235W00100Q5,2026-08-18 17:17:09,e4031958-c11d-46fa-8971-0e75929126c6,958,10020.0,RAW_CORROBORATED_QUALIFIED,188,HISTORICAL_GEOMETRY_NOT_PROVEN,ESTIMATE,,1.0168,,,0.9777,-0.0391,,0.9615,1.1927,0.1759,-0.0385,,CONTOUR_ABSENT,0.5,False,6.2,True,"{""APPLICATION_EDGE"": 5.934191045260627, ""NO_APPLICATION"": 449.4686109065033, ""NO_WIDTH"": 106.90998523731322, ""STANDSTILL"": 0.0, ""WORK"": 1576.9355261624946}","{""clipped_all_ha"": null, ""clipped_work_ha"": null, ""contour_ha"": null, ""swath_all_ha"": 0.03, ""swath_work_ha"": 0.03}","{""cell_m"": 0.5, ""max_frame_gap_s"": 3.0, ""max_ground_speed_mps"": 20.0, ""width_rule"": ""min_of_two_endpoints"", ""work_rule"": ""application_on_both_endpoints""}",False
689294880,1581F574B235W00100Q5,2026-08-18 17:27:49,e4031958-c11d-46fa-8971-0e75929126c6,958,10033.0,RAW_CORROBORATED_QUALIFIED,194,HISTORICAL_GEOMETRY_NOT_PROVEN,ESTIMATE,,0.9984,,,0.9829,-0.0155,,0.9844,1.106,0.1076,-0.0156,,CONTOUR_ABSENT,0.5,False,6.2,True,"{""APPLICATION_EDGE"": 2.7501993365839503, ""NO_APPLICATION"": 276.24450756377945, ""NO_WIDTH"": 190.3711430114002, ""STANDSTILL"": 0.0, ""WORK"": 1585.2448730497222}","{""clipped_all_ha"": null, ""clipped_work_ha"": null, ""contour_ha"": null, ""swath_all_ha"": 0.08, ""swath_work_ha"": 0.08}","{""cell_m"": 0.5, ""max_frame_gap_s"": 3.0, ""max_ground_speed_mps"": 20.0, ""width_rule"": ""min_of_two_endpoints"", ""work_rule"": ""application_on_both_endpoints""}",False
689299532,1581F574B235W00100Q5,2026-08-18 17:40:10,e4031958-c11d-46fa-8971-0e75929126c6,958,8780.0,RAW_CORROBORATED_QUALIFIED,200,HISTORICAL_GEOMETRY_NOT_PROVEN,ESTIMATE,,0.8929,,,0.9013,0.0084,0.0084,1.0094,0.9641,0.0712,0.0094,,CONTOUR_ABSENT,0.5,False,6.2,True,"{""APPLICATION_EDGE"": 3.2146323254220306, ""NO_APPLICATION"": 224.41020725550754, ""NO_WIDTH"": 310.6608395076631, ""STANDSTILL"": 0.0, ""WORK"": 1453.736660583216}","{""clipped_all_ha"": null, ""clipped_work_ha"": null, ""contour_ha"": null, ""swath_all_ha"": 0.0, ""swath_work_ha"": 0.0}","{""cell_m"": 0.5, ""max_frame_gap_s"": 3.0, ""max_ground_speed_mps"": 20.0, ""width_rule"": ""min_of_two_endpoints"", ""work_rule"": ""application_on_both_endpoints""}",False
689301846,1581F574B235W00100Q5,2026-08-18 17:50:51,,,0.0,CHANNEL_MISSING,205,HISTORICAL_GEOMETRY_NOT_PROVEN,NO_CONFIRMED_APPLICATION,NO_WIDTH,,,,,,,,,,,,CONTOUR_ABSENT,,,,False,"{""NO_WIDTH"": 667.7725098663074, ""STANDSTILL"": 0.0}",{},{},False
689306078,1581F574B235W00100Q5,2026-08-18 18:04:22,e0098beb-7925-4621-8984-b0515c676dea,959,9946.0,RAW_CORROBORATED_QUALIFIED,210,HISTORICAL_GEOMETRY_NOT_PROVEN,ESTIMATE,,0.9914,,,0.984,-0.0074,,0.9925,1.0809,0.0895,-0.0075,,CONTOUR_ABSENT,0.5,False,6.3,True,"{""APPLICATION_EDGE"": 1.6788571688426084, ""NO_APPLICATION"": 157.1393042551946, ""NO_WIDTH"": 432.28278616638124, ""STANDSTILL"": 0.0, ""WORK"": 1561.8289570990798}","{""clipped_all_ha"": null, ""clipped_work_ha"": null, ""contour_ha"": null, ""swath_all_ha"": 0.01, ""swath_work_ha"": 0.01}","{""cell_m"": 0.5, ""max_frame_gap_s"": 3.0, ""max_ground_speed_mps"": 20.0, ""width_rule"": ""min_of_two_endpoints"", ""work_rule"": ""application_on_both_endpoints""}",False
689308041,1581F574B235W00100Q5,2026-08-18 18:13:45,e0098beb-7925-4621-8984-b0515c676dea,959,10073.0,RAW_CORROBORATED_QUALIFIED,212,HISTORICAL_GEOMETRY_NOT_PROVEN,ESTIMATE,,1.0057,,,0.998,-0.0077,,0.9924,1.0918,0.0861,-0.0076,,CONTOUR_ABSENT,0.5,False,6.3,True,"{""APPLICATION_EDGE"": 1.6814140857447275, ""NO_APPLICATION"": 151.82854415284046, ""NO_WIDTH"": 419.50383301848524, ""STANDSTILL"": 0.0, ""WORK"": 1584.1487994369213}","{""clipped_all_ha"": null, ""clipped_work_ha"": null, ""contour_ha"": null, ""swath_all_ha"": 0.089, ""swath_work_ha"": 0.089}","{""cell_m"": 0.5, ""max_frame_gap_s"": 3.0, ""max_ground_speed_mps"": 20.0, ""width_rule"": ""min_of_two_endpoints"", ""work_rule"": ""application_on_both_endpoints""}",False
689310231,1581F574B235W00100Q5,2026-08-18 18:23:20,e0098beb-7925-4621-8984-b0515c676dea,959,9766.0,RAW_CORROBORATED_QUALIFIED,215,HISTORICAL_GEOMETRY_NOT_PROVEN,ESTIMATE,,0.9786,,,0.9694,-0.0092,,0.9906,1.0703,0.0917,-0.0094,,CONTOUR_ABSENT,0.5,False,6.3,True,"{""APPLICATION_EDGE"": 1.6763251063380649, ""NO_APPLICATION"": 168.57546016410484, ""NO_WIDTH"": 321.0235188756751, ""STANDSTILL"": 0.0, ""WORK"": 1538.684827317021}","{""clipped_all_ha"": null, ""clipped_work_ha"": null, ""contour_ha"": null, ""swath_all_ha"": 0.051, ""swath_work_ha"": 0.051}","{""cell_m"": 0.5, ""max_frame_gap_s"": 3.0, ""max_ground_speed_mps"": 20.0, ""width_rule"": ""min_of_two_endpoints"", ""work_rule"": ""application_on_both_endpoints""}",False
689313066,1581F574B235W00100Q5,2026-08-18 18:35:07,e0098beb-7925-4621-8984-b0515c676dea,959,9946.0,RAW_CORROBORATED_QUALIFIED,218,HISTORICAL_GEOMETRY_NOT_PROVEN,ESTIMATE,,0.9975,,,0.9793,-0.0182,,0.9817,1.1489,0.1514,-0.0183,,CONTOUR_ABSENT,0.5,False,6.3,True,"{""APPLICATION_EDGE"": 2.8306401369654166, ""NO_APPLICATION"": 319.5394368644907, ""NO_WIDTH"": 558.8065426121901, ""STANDSTILL"": 0.0, ""WORK"": 1554.428148166722}","{""clipped_all_ha"": null, ""clipped_work_ha"": null, ""contour_ha"": null, ""swath_all_ha"": 0.08, ""swath_work_ha"": 0.08}","{""cell_m"": 0.5, ""max_frame_gap_s"": 3.0, ""max_ground_speed_mps"": 20.0, ""width_rule"": ""min_of_two_endpoints"", ""work_rule"": ""application_on_both_endpoints""}",False
689316557,1581F574B235W00100Q5,2026-08-18 18:46:19,e0098beb-7925-4621-8984-b0515c676dea,959,9153.0,RAW_CORROBORATED_QUALIFIED,221,HISTORICAL_GEOMETRY_NOT_PROVEN,ESTIMATE,,0.9227,,,0.8831,-0.0396,,0.957,1.1467,0.224,-0.043,,CONTOUR_ABSENT,0.5,False,6.3,True,"{""APPLICATION_EDGE"": 4.994435612537182, ""GAP"": 6.086604123396043, ""NO_APPLICATION"": 574.7760388236205, ""NO_WIDTH"": 435.4698113417774, ""STANDSTILL"": 0.0, ""WORK"": 1401.6881040069156}","{""clipped_all_ha"": null, ""clipped_work_ha"": null, ""contour_ha"": null, ""swath_all_ha"": 0.022, ""swath_work_ha"": 0.022}","{""cell_m"": 0.5, ""max_frame_gap_s"": 3.0, ""max_ground_speed_mps"": 20.0, ""width_rule"": ""min_of_two_endpoints"", ""work_rule"": ""application_on_both_endpoints""}",False
689319791,1581F574B235W00100Q5,2026-08-18 18:58:15,e0098beb-7925-4621-8984-b0515c676dea,959,6680.0,RAW_CORROBORATED_QUALIFIED,224,HISTORICAL_GEOMETRY_NOT_PROVEN,ESTIMATE,,0.7808,,,0.7844,0.0036,0.0036,1.0046,0.9517,0.1709,0.0046,,CONTOUR_ABSENT,0.5,False,6.3,True,"{""APPLICATION_EDGE"": 1.9696004317594091, ""NO_APPLICATION"": 332.719723034354, ""NO_WIDTH"": 792.5760169273217, ""STANDSTILL"": 0.0, ""WORK"": 1245.105570943519}","{""clipped_all_ha"": null, ""clipped_work_ha"": null, ""contour_ha"": null, ""swath_all_ha"": 0.0, ""swath_work_ha"": 0.0}","{""cell_m"": 0.5, ""max_frame_gap_s"": 3.0, ""max_ground_speed_mps"": 20.0, ""width_rule"": ""min_of_two_endpoints"", ""work_rule"": ""application_on_both_endpoints""}",False
688454966,1581F574B2387001009R,2026-08-17 19:30:53,13807304-d871-4314-b10f-3dfa47f182c7,1166,8546.0,RAW_CORROBORATED_QUALIFIED,11,HISTORICAL_GEOMETRY_NOT_PROVEN,ESTIMATE,,0.8595,,,0.8376,-0.0219,,0.9746,0.8909,0.0314,-0.0254,,CONTOUR_ABSENT,0.5,False,6.0,True,"{""APPLICATION_EDGE"": 3.6715219341812335, ""NO_APPLICATION"": 199.65772324057943, ""NO_WIDTH"": 742.0155823315773, ""STANDSTILL"": 0.0, ""WORK"": 1396.0729342384616}","{""clipped_all_ha"": null, ""clipped_work_ha"": null, ""contour_ha"": null, ""swath_all_ha"": 0.244, ""swath_work_ha"": 0.244}","{""cell_m"": 0.5, ""max_frame_gap_s"": 3.0, ""max_ground_speed_mps"": 20.0, ""width_rule"": ""min_of_two_endpoints"", ""work_rule"": ""application_on_both_endpoints""}",False
688458283,1581F574B2387001009R,2026-08-17 19:42:29,13807304-d871-4314-b10f-3dfa47f182c7,1166,8480.0,RAW_CORROBORATED_QUALIFIED,14,HISTORICAL_GEOMETRY_NOT_PROVEN,ESTIMATE,,0.8574,,,0.8311,-0.0263,,0.9694,0.9592,0.1018,-0.0306,,CONTOUR_ABSENT,0.5,False,6.0,True,"{""APPLICATION_EDGE"": 4.504194373481833, ""NO_APPLICATION"": 321.74558112286735, ""NO_WIDTH"": 667.7105675628364, ""STANDSTILL"": 0.0, ""WORK"": 1385.2143889702977}","{""clipped_all_ha"": null, ""clipped_work_ha"": null, ""contour_ha"": null, ""swath_all_ha"": 0.023, ""swath_work_ha"": 0.023}","{""cell_m"": 0.5, ""max_frame_gap_s"": 3.0, ""max_ground_speed_mps"": 20.0, ""width_rule"": ""min_of_two_endpoints"", ""work_rule"": ""application_on_both_endpoints""}",False
688460771,1581F574B2387001009R,2026-08-17 19:53:30,13807304-d871-4314-b10f-3dfa47f182c7,1166,8386.0,RAW_CORROBORATED_QUALIFIED,18,HISTORICAL_GEOMETRY_NOT_PROVEN,ESTIMATE,,0.8363,,,0.849,0.0127,0.0127,1.0151,0.8435,0.0072,0.0151,,CONTOUR_ABSENT,0.5,False,6.0,True,"{""APPLICATION_EDGE"": 2.7511985795125766, ""NO_APPLICATION"": 99.58050791020345, ""NO_WIDTH"": 361.3075059288361, ""STANDSTILL"": 0.0, ""WORK"": 1414.9422680254518}","{""clipped_all_ha"": null, ""clipped_work_ha"": null, ""contour_ha"": null, ""swath_all_ha"": 0.012, ""swath_work_ha"": 0.012}","{""cell_m"": 0.5, ""max_frame_gap_s"": 3.0, ""max_ground_speed_mps"": 20.0, ""width_rule"": ""min_of_two_endpoints"", ""work_rule"": ""application_on_both_endpoints""}",False
688460773,1581F574B2387001009R,2026-08-17 19:59:48,,,0.0,COUNTER_ZERO,20,HISTORICAL_GEOMETRY_NOT_PROVEN,ESTIMATE,,0.0052,,,0.0002,-0.005,,0.031,0.0146,0.0094,-0.969,,CONTOUR_ABSENT,0.5,False,"6.0,8.0",False,"{""APPLICATION_EDGE"": 0.013478046881703535, ""NO_APPLICATION"": 12.155483472041338, ""WORK"": 0.2031797390799106}","{""clipped_all_ha"": null, ""clipped_work_ha"": null, ""contour_ha"": null, ""swath_all_ha"": 0.0, ""swath_work_ha"": 0.0}","{""cell_m"": 0.5, ""max_frame_gap_s"": 3.0, ""max_ground_speed_mps"": 20.0, ""width_rule"": ""min_of_two_endpoints"", ""work_rule"": ""application_on_both_endpoints""}",False
688460774,1581F574B2387001009R,2026-08-17 19:59:59,,,8386.0,COUNTER_FLAT_RAW_OVERSTATED,21,HISTORICAL_GEOMETRY_NOT_PROVEN,NO_CONFIRMED_APPLICATION,NO_WIDTH,,,,,,,,,,,,CONTOUR_ABSENT,,,,False,"{""NO_APPLICATION"": 109.10588796124195, ""NO_WIDTH"": 359.72817708276597}",{},{},False
688464465,1581F574B2387001009R,2026-08-17 20:08:26,d2cecf61-710c-4845-a59c-f8e462a7133f,1168,10013.0,RAW_CORROBORATED_QUALIFIED,25,HISTORICAL_GEOMETRY_NOT_PROVEN,ESTIMATE,,1.0029,,,0.9843,-0.0186,,0.9815,1.0734,0.0705,-0.0185,,CONTOUR_ABSENT,0.5,False,6.2,True,"{""APPLICATION_EDGE"": 2.84632654366684, ""NO_APPLICATION"": 239.24757487147497, ""NO_WIDTH"": 232.80448230425225, ""STANDSTILL"": 0.0, ""WORK"": 1587.643851719285}","{""clipped_all_ha"": null, ""clipped_work_ha"": null, ""contour_ha"": null, ""swath_all_ha"": 0.15, ""swath_work_ha"": 0.15}","{""cell_m"": 0.5, ""max_frame_gap_s"": 3.0, ""max_ground_speed_mps"": 20.0, ""width_rule"": ""min_of_two_endpoints"", ""work_rule"": ""application_on_both_endpoints""}",False
688468130,1581F574B2387001009R,2026-08-17 20:19:31,d2cecf61-710c-4845-a59c-f8e462a7133f,1168,9573.0,RAW_CORROBORATED_QUALIFIED,29,HISTORICAL_GEOMETRY_NOT_PROVEN,ESTIMATE,,0.9626,,,0.9438,-0.0188,,0.9805,1.0409,0.0783,-0.0195,,CONTOUR_ABSENT,0.5,False,6.2,True,"{""APPLICATION_EDGE"": 5.074405870176387, ""NO_APPLICATION"": 339.74136411217813, ""NO_WIDTH"": 342.95304189387696, ""STANDSTILL"": 0.0, ""WORK"": 1522.3090044720275}","{""clipped_all_ha"": null, ""clipped_work_ha"": null, ""contour_ha"": null, ""swath_all_ha"": 0.166, ""swath_work_ha"": 0.166}","{""cell_m"": 0.5, ""max_frame_gap_s"": 3.0, ""max_ground_speed_mps"": 20.0, ""width_rule"": ""min_of_two_endpoints"", ""work_rule"": ""application_on_both_endpoints""}",False
688471422,1581F574B2387001009R,2026-08-17 20:30:48,d2cecf61-710c-4845-a59c-f8e462a7133f,1168,8613.0,RAW_CORROBORATED_QUALIFIED,33,HISTORICAL_GEOMETRY_NOT_PROVEN,ESTIMATE,,0.8698,,,0.8459,-0.0239,,0.9726,0.9488,0.079,-0.0274,,CONTOUR_ABSENT,0.5,False,6.2,True,"{""APPLICATION_EDGE"": 3.858470460496088, ""NO_APPLICATION"": 263.71925833547505, ""NO_WIDTH"": 411.93499461700895, ""STANDSTILL"": 0.0, ""WORK"": 1364.3988592381136}","{""clipped_all_ha"": null, ""clipped_work_ha"": null, ""contour_ha"": null, ""swath_all_ha"": 0.069, ""swath_work_ha"": 0.069}","{""cell_m"": 0.5, ""max_frame_gap_s"": 3.0, ""max_ground_speed_mps"": 20.0, ""width_rule"": ""min_of_two_endpoints"", ""work_rule"": ""application_on_both_endpoints""}",False
688475257,1581F574B2387001009R,2026-08-17 20:41:11,d2cecf61-710c-4845-a59c-f8e462a7133f,1168,8160.0,RAW_CORROBORATED_QUALIFIED,39,HISTORICAL_GEOMETRY_NOT_PROVEN,ESTIMATE,,0.8235,,,0.8296,0.0061,0.0061,1.0074,0.824,0.0005,0.0074,,CONTOUR_ABSENT,0.5,False,6.2,True,"{""APPLICATION_EDGE"": 2.54902845977452, ""NO_APPLICATION"": 60.467901050289825, ""NO_WIDTH"": 315.0296661976536, ""STANDSTILL"": 0.0, ""WORK"": 1338.0389769711708}","{""clipped_all_ha"": null, ""clipped_work_ha"": null, ""contour_ha"": null, ""swath_all_ha"": 0.17, ""swath_work_ha"": 0.17}","{""cell_m"": 0.5, ""max_frame_gap_s"": 3.0, ""max_ground_speed_mps"": 20.0, ""width_rule"": ""min_of_two_endpoints"", ""work_rule"": ""application_on_both_endpoints""}",False
688475258,1581F574B2387001009R,2026-08-17 20:47:27,,,46.0,RAW_CORROBORATED,41,HISTORICAL_GEOMETRY_NOT_PROVEN,ESTIMATE,,0.0101,,,0.0055,-0.0046,,0.5397,0.02,0.0099,-0.4603,,CONTOUR_ABSENT,0.5,False,"6.2,8.0",False,"{""APPLICATION_EDGE"": 0.35285863693862607, ""NO_APPLICATION"": 11.450788992235216, ""WORK"": 6.815851322358189}","{""clipped_all_ha"": null, ""clipped_work_ha"": null, ""contour_ha"": null, ""swath_all_ha"": 1.98, ""swath_work_ha"": 1.98}","{""cell_m"": 0.5, ""max_frame_gap_s"": 3.0, ""max_ground_speed_mps"": 20.0, ""width_rule"": ""min_of_two_endpoints"", ""work_rule"": ""application_on_both_endpoints""}",False
688475262,1581F574B2387001009R,2026-08-17 20:47:36,,,8160.0,COUNTER_FLAT_RAW_OVERSTATED,42,HISTORICAL_GEOMETRY_NOT_PROVEN,NO_CONFIRMED_APPLICATION,NO_WIDTH,,,,,,,,,,,,CONTOUR_ABSENT,,,,False,"{""NO_APPLICATION"": 98.41623417195017, ""NO_WIDTH"": 225.08348597300179}",{},{},False
688480071,1581F574B2387001009R,2026-08-17 20:52:23,844497da-755f-420f-b0ec-137da147b980,1167,10440.0,RAW_CORROBORATED_QUALIFIED,44,HISTORICAL_GEOMETRY_NOT_PROVEN,ESTIMATE,,1.0458,,,1.0299,-0.0159,,0.9848,1.1646,0.1188,-0.0152,,CONTOUR_ABSENT,0.5,False,6.2,True,"{""APPLICATION_EDGE"": 2.694787855233502, ""NO_APPLICATION"": 217.36229071664044, ""NO_WIDTH"": 107.37367566561903, ""STANDSTILL"": 0.0, ""WORK"": 1661.058121217305}","{""clipped_all_ha"": null, ""clipped_work_ha"": null, ""contour_ha"": null, ""swath_all_ha"": 0.076, ""swath_work_ha"": 0.076}","{""cell_m"": 0.5, ""max_frame_gap_s"": 3.0, ""max_ground_speed_mps"": 20.0, ""width_rule"": ""min_of_two_endpoints"", ""work_rule"": ""application_on_both_endpoints""}",False
688484940,1581F574B2387001009R,2026-08-17 21:02:20,844497da-755f-420f-b0ec-137da147b980,1167,10526.0,RAW_CORROBORATED_QUALIFIED,47,HISTORICAL_GEOMETRY_NOT_PROVEN,ESTIMATE,,1.0489,,,1.0341,-0.0148,,0.9859,1.1701,0.1212,-0.0141,,CONTOUR_ABSENT,0.5,False,6.2,True,"{""APPLICATION_EDGE"": 2.5074632390570324, ""NO_APPLICATION"": 240.69604564365076, ""NO_WIDTH"": 150.00828496277856, ""STANDSTILL"": 0.0, ""WORK"": 1667.8392273372901}","{""clipped_all_ha"": null, ""clipped_work_ha"": null, ""contour_ha"": null, ""swath_all_ha"": 0.048, ""swath_work_ha"": 0.048}","{""cell_m"": 0.5, ""max_frame_gap_s"": 3.0, ""max_ground_speed_mps"": 20.0, ""width_rule"": ""min_of_two_endpoints"", ""work_rule"": ""application_on_both_endpoints""}",False
688490280,1581F574B2387001009R,2026-08-17 21:12:22,844497da-755f-420f-b0ec-137da147b980,1167,9880.0,RAW_CORROBORATED_QUALIFIED,50,HISTORICAL_GEOMETRY_NOT_PROVEN,ESTIMATE,,0.9996,,,1.0219,0.0223,0.0223,1.0223,1.0667,0.0671,0.0223,,CONTOUR_ABSENT,0.5,False,6.2,True,"{""APPLICATION_EDGE"": 3.001217799669859, ""NO_APPLICATION"": 439.1753015294785, ""NO_WIDTH"": 294.2314916734149, ""STANDSTILL"": 0.0, ""WORK"": 1648.291752461021}","{""clipped_all_ha"": null, ""clipped_work_ha"": null, ""contour_ha"": null, ""swath_all_ha"": 0.04, ""swath_work_ha"": 0.04}","{""cell_m"": 0.5, ""max_frame_gap_s"": 3.0, ""max_ground_speed_mps"": 20.0, ""width_rule"": ""min_of_two_endpoints"", ""work_rule"": ""application_on_both_endpoints""}",False
688496200,1581F574B2387001009R,2026-08-17 21:24:43,6e31ebad-cc23-4241-b8f6-b4efeef55d98,1173,10126.0,RAW_CORROBORATED_QUALIFIED,54,HISTORICAL_GEOMETRY_NOT_PROVEN,ESTIMATE,,1.0192,,,0.9923,-0.0269,,0.9736,1.1128,0.0936,-0.0264,,CONTOUR_ABSENT,0.5,False,6.2,True,"{""APPLICATION_EDGE"": 4.3974804167526, ""GAP"": 4.109225098843307, ""NO_APPLICATION"": 213.98188484133252, ""NO_WIDTH"": 821.2180871525351, ""STANDSTILL"": 0.0, ""WORK"": 1600.5222515089115}","{""clipped_all_ha"": null, ""clipped_work_ha"": null, ""contour_ha"": null, ""swath_all_ha"": 0.118, ""swath_work_ha"": 0.118}","{""cell_m"": 0.5, ""max_frame_gap_s"": 3.0, ""max_ground_speed_mps"": 20.0, ""width_rule"": ""min_of_two_endpoints"", ""work_rule"": ""application_on_both_endpoints""}",False
688502075,1581F574B2387001009R,2026-08-17 21:36:16,6e31ebad-cc23-4241-b8f6-b4efeef55d98,1173,9660.0,RAW_CORROBORATED_QUALIFIED,55,HISTORICAL_GEOMETRY_NOT_PROVEN,ESTIMATE,,0.9559,,,0.9823,0.0264,0.0264,1.0277,1.0105,0.0546,0.0277,,CONTOUR_ABSENT,0.5,False,6.2,True,"{""APPLICATION_EDGE"": 2.9824841853509128, ""NO_APPLICATION"": 183.38079167119864, ""NO_WIDTH"": 888.9665849958147, ""STANDSTILL"": 0.0, ""WORK"": 1584.4058227357202}","{""clipped_all_ha"": null, ""clipped_work_ha"": null, ""contour_ha"": null, ""swath_all_ha"": 0.157, ""swath_work_ha"": 0.157}","{""cell_m"": 0.5, ""max_frame_gap_s"": 3.0, ""max_ground_speed_mps"": 20.0, ""width_rule"": ""min_of_two_endpoints"", ""work_rule"": ""application_on_both_endpoints""}",False
688507848,1581F574B2387001009R,2026-08-17 21:49:07,a69b184d-7109-4005-8f07-8af814c1470a,1174,10566.0,RAW_CORROBORATED_QUALIFIED,57,HISTORICAL_GEOMETRY_NOT_PROVEN,ESTIMATE,,1.0689,,,1.0447,-0.0242,,0.9774,1.1662,0.0973,-0.0226,,CONTOUR_ABSENT,0.5,False,6.1,True,"{""APPLICATION_EDGE"": 4.3246716542207775, ""NO_APPLICATION"": 218.64046215232915, ""NO_WIDTH"": 560.1435959820559, ""STANDSTILL"": 0.0, ""WORK"": 1712.6083866130064}","{""clipped_all_ha"": null, ""clipped_work_ha"": null, ""contour_ha"": null, ""swath_all_ha"": 0.009, ""swath_work_ha"": 0.009}","{""cell_m"": 0.5, ""max_frame_gap_s"": 3.0, ""max_ground_speed_mps"": 20.0, ""width_rule"": ""min_of_two_endpoints"", ""work_rule"": ""application_on_both_endpoints""}",False
688515728,1581F574B2387001009R,2026-08-17 22:00:20,a69b184d-7109-4005-8f07-8af814c1470a,1174,9586.0,RAW_CORROBORATED_QUALIFIED,59,HISTORICAL_GEOMETRY_NOT_PROVEN,ESTIMATE,,0.9753,,,0.9854,0.0101,0.0101,1.0104,1.1116,0.1363,0.0104,,CONTOUR_ABSENT,0.5,False,6.1,True,"{""APPLICATION_EDGE"": 5.209110989027715, ""NO_APPLICATION"": 364.44688958140654, ""NO_WIDTH"": 553.7281807189055, ""STANDSTILL"": 0.0, ""WORK"": 1615.476491367928}","{""clipped_all_ha"": null, ""clipped_work_ha"": null, ""contour_ha"": null, ""swath_all_ha"": 0.041, ""swath_work_ha"": 0.041}","{""cell_m"": 0.5, ""max_frame_gap_s"": 3.0, ""max_ground_speed_mps"": 20.0, ""width_rule"": ""min_of_two_endpoints"", ""work_rule"": ""application_on_both_endpoints""}",False
688521456,1581F574B2387001009R,2026-08-17 22:13:21,eae4eabe-c8e4-48b8-bdb8-f68189cda1a2,1175,8606.0,RAW_CORROBORATED_QUALIFIED,61,HISTORICAL_GEOMETRY_NOT_PROVEN,ESTIMATE,,0.8685,,,0.8474,-0.0211,,0.9757,0.9436,0.0751,-0.0243,,CONTOUR_ABSENT,0.5,False,6.2,True,"{""APPLICATION_EDGE"": 3.180683752620299, ""NO_APPLICATION"": 197.28608495339472, ""NO_WIDTH"": 407.9996737103619, ""STANDSTILL"": 0.0, ""WORK"": 1366.7819054225374}","{""clipped_all_ha"": null, ""clipped_work_ha"": null, ""contour_ha"": null, ""swath_all_ha"": 0.0, ""swath_work_ha"": 0.0}","{""cell_m"": 0.5, ""max_frame_gap_s"": 3.0, ""max_ground_speed_mps"": 20.0, ""width_rule"": ""min_of_two_endpoints"", ""work_rule"": ""application_on_both_endpoints""}",False
688528944,1581F574B2387001009R,2026-08-17 22:23:10,eae4eabe-c8e4-48b8-bdb8-f68189cda1a2,1175,8733.0,RAW_CORROBORATED_QUALIFIED,63,HISTORICAL_GEOMETRY_NOT_PROVEN,ESTIMATE,,0.8718,,,0.887,0.0152,0.0152,1.0174,0.8779,0.0061,0.0174,,CONTOUR_ABSENT,0.5,False,6.2,True,"{""APPLICATION_EDGE"": 3.24252291480467, ""NO_APPLICATION"": 91.14789115291754, ""NO_WIDTH"": 282.37415838365956, ""STANDSTILL"": 0.0, ""WORK"": 1430.6236292518138}","{""clipped_all_ha"": null, ""clipped_work_ha"": null, ""contour_ha"": null, ""swath_all_ha"": 0.206, ""swath_work_ha"": 0.206}","{""cell_m"": 0.5, ""max_frame_gap_s"": 3.0, ""max_ground_speed_mps"": 20.0, ""width_rule"": ""min_of_two_endpoints"", ""work_rule"": ""application_on_both_endpoints""}",False
688528945,1581F574B2387001009R,2026-08-17 22:29:55,,,26.0,RAW_CORROBORATED,66,HISTORICAL_GEOMETRY_NOT_PROVEN,ESTIMATE,,0.0081,,,0.0032,-0.0049,,0.4003,0.0112,0.0031,-0.5997,,CONTOUR_ABSENT,0.5,False,"6.2,8.0",False,"{""APPLICATION_EDGE"": 0.20707973895607407, ""NO_APPLICATION"": 3.502261579499606, ""WORK"": 4.0566791340648365}","{""clipped_all_ha"": null, ""clipped_work_ha"": null, ""contour_ha"": null, ""swath_all_ha"": 1.235, ""swath_work_ha"": 1.235}","{""cell_m"": 0.5, ""max_frame_gap_s"": 3.0, ""max_ground_speed_mps"": 20.0, ""width_rule"": ""min_of_two_endpoints"", ""work_rule"": ""application_on_both_endpoints""}",False
688528946,1581F574B2387001009R,2026-08-17 22:30:03,,,8733.0,COUNTER_FLAT_RAW_OVERSTATED,67,HISTORICAL_GEOMETRY_NOT_PROVEN,NO_CONFIRMED_APPLICATION,NO_WIDTH,,,,,,,,,,,,CONTOUR_ABSENT,,,,False,"{""NO_APPLICATION"": 105.67522197167521, ""NO_WIDTH"": 211.52555892011273}",{},{},False
688537920,1581F574B2387001009R,2026-08-17 22:34:12,07c5a3a8-4aa1-4ced-b3e0-672092e68fc6,1170,9966.0,RAW_CORROBORATED_QUALIFIED,68,HISTORICAL_GEOMETRY_NOT_PROVEN,ESTIMATE,,1.0026,,,0.9927,-0.0099,,0.9901,1.1048,0.1022,-0.0099,,CONTOUR_ABSENT,0.5,False,6.1,True,"{""APPLICATION_EDGE"": 5.298733784654027, ""NO_APPLICATION"": 243.47193227775998, ""NO_WIDTH"": 153.27539357963408, ""STANDSTILL"": 0.0, ""WORK"": 1627.3372480911266}","{""clipped_all_ha"": null, ""clipped_work_ha"": null, ""contour_ha"": null, ""swath_all_ha"": 0.03, ""swath_work_ha"": 0.03}","{""cell_m"": 0.5, ""max_frame_gap_s"": 3.0, ""max_ground_speed_mps"": 20.0, ""width_rule"": ""min_of_two_endpoints"", ""work_rule"": ""application_on_both_endpoints""}",False
688548587,1581F574B2387001009R,2026-08-17 22:45:57,07c5a3a8-4aa1-4ced-b3e0-672092e68fc6,1170,1893.0,RAW_CORROBORATED_QUALIFIED,71,HISTORICAL_GEOMETRY_NOT_PROVEN,ESTIMATE,,0.1981,,,0.1953,-0.0028,,0.9856,0.1983,0.0002,-0.0144,,CONTOUR_ABSENT,0.5,False,6.1,True,"{""APPLICATION_EDGE"": 0.013862194458208401, ""NO_APPLICATION"": 2.8560458283704393, ""NO_WIDTH"": 301.88278522300726, ""STANDSTILL"": 0.0, ""WORK"": 320.08400723833614}","{""clipped_all_ha"": null, ""clipped_work_ha"": null, ""contour_ha"": null, ""swath_all_ha"": 0.353, ""swath_work_ha"": 0.353}","{""cell_m"": 0.5, ""max_frame_gap_s"": 3.0, ""max_ground_speed_mps"": 20.0, ""width_rule"": ""min_of_two_endpoints"", ""work_rule"": ""application_on_both_endpoints""}",False
688548592,1581F574B2387001009R,2026-08-17 22:48:54,f4d4c36c-5c99-4560-b1b9-72475fd6bdfd,1171,7880.0,RAW_CORROBORATED,72,HISTORICAL_GEOMETRY_NOT_PROVEN,ESTIMATE,,0.7947,,,0.7743,-0.0204,,0.9743,0.899,0.1043,-0.0257,,CONTOUR_ABSENT,0.5,False,6.1,True,"{""APPLICATION_EDGE"": 3.22076406327439, ""NO_APPLICATION"": 217.8963435447865, ""NO_WIDTH"": 120.95374699080236, ""WORK"": 1269.2952360331476}","{""clipped_all_ha"": null, ""clipped_work_ha"": null, ""contour_ha"": null, ""swath_all_ha"": 0.025, ""swath_work_ha"": 0.025}","{""cell_m"": 0.5, ""max_frame_gap_s"": 3.0, ""max_ground_speed_mps"": 20.0, ""width_rule"": ""min_of_two_endpoints"", ""work_rule"": ""application_on_both_endpoints""}",False
688560285,1581F574B2387001009R,2026-08-17 22:57:15,c4114e1b-1dab-4f3d-93d7-aee823d0bc04,1172,8840.0,RAW_CORROBORATED_QUALIFIED,75,HISTORICAL_GEOMETRY_NOT_PROVEN,ESTIMATE,,0.8677,,,0.8803,0.0126,0.0126,1.0145,0.8685,0.0008,0.0145,,CONTOUR_ABSENT,0.5,False,6.1,True,"{""APPLICATION_EDGE"": 2.941559625644598, ""NO_APPLICATION"": 120.0728267010833, ""NO_WIDTH"": 280.65500512805926, ""STANDSTILL"": 0.0, ""WORK"": 1443.0383637213708}","{""clipped_all_ha"": null, ""clipped_work_ha"": null, ""contour_ha"": null, ""swath_all_ha"": 0.023, ""swath_work_ha"": 0.023}","{""cell_m"": 0.5, ""max_frame_gap_s"": 3.0, ""max_ground_speed_mps"": 20.0, ""width_rule"": ""min_of_two_endpoints"", ""work_rule"": ""application_on_both_endpoints""}",False
688560292,1581F574B2387001009R,2026-08-17 23:04:37,c4114e1b-1dab-4f3d-93d7-aee823d0bc04,1172,920.0,RAW_CORROBORATED,78,HISTORICAL_GEOMETRY_NOT_PROVEN,ESTIMATE,,0.0943,,,0.0918,-0.0025,,0.9733,0.1863,0.092,-0.0267,,CONTOUR_ABSENT,0.5,False,6.1,True,"{""APPLICATION_EDGE"": 0.6592955213275411, ""NO_APPLICATION"": 160.60714434629156, ""NO_WIDTH"": 340.05520834709114, ""WORK"": 150.46922695984372}","{""clipped_all_ha"": null, ""clipped_work_ha"": null, ""contour_ha"": null, ""swath_all_ha"": 0.318, ""swath_work_ha"": 0.318}","{""cell_m"": 0.5, ""max_frame_gap_s"": 3.0, ""max_ground_speed_mps"": 20.0, ""width_rule"": ""min_of_two_endpoints"", ""work_rule"": ""application_on_both_endpoints""}",False
688572902,1581F574B2387001009R,2026-08-17 23:09:45,c4114e1b-1dab-4f3d-93d7-aee823d0bc04,1172,9940.0,RAW_CORROBORATED_QUALIFIED,79,HISTORICAL_GEOMETRY_NOT_PROVEN,ESTIMATE,,1.007,,,0.9793,-0.0277,,0.9725,1.0434,0.0364,-0.0275,,CONTOUR_ABSENT,0.5,False,6.1,True,"{""APPLICATION_EDGE"": 4.262452370176064, ""NO_APPLICATION"": 235.88450317146877, ""NO_WIDTH"": 741.2533143021814, ""STANDSTILL"": 0.0, ""WORK"": 1605.3526425763066}","{""clipped_all_ha"": null, ""clipped_work_ha"": null, ""contour_ha"": null, ""swath_all_ha"": 0.04, ""swath_work_ha"": 0.04}","{""cell_m"": 0.5, ""max_frame_gap_s"": 3.0, ""max_ground_speed_mps"": 20.0, ""width_rule"": ""min_of_two_endpoints"", ""work_rule"": ""application_on_both_endpoints""}",False
688586422,1581F574B2387001009R,2026-08-17 23:22:29,e5d2d5d8-ae06-4230-86b1-3ff2e7dd749d,1169,8293.0,RAW_CORROBORATED_QUALIFIED,82,HISTORICAL_GEOMETRY_NOT_PROVEN,ESTIMATE,,0.8186,,,0.834,0.0154,0.0154,1.0188,0.8228,0.0042,0.0188,,CONTOUR_ABSENT,0.5,False,6.1,True,"{""APPLICATION_EDGE"": 3.341218480816183, ""NO_APPLICATION"": 128.90014995204592, ""NO_WIDTH"": 783.022856257068, ""STANDSTILL"": 0.0, ""WORK"": 1367.2297567481749}","{""clipped_all_ha"": null, ""clipped_work_ha"": null, ""contour_ha"": null, ""swath_all_ha"": 0.086, ""swath_work_ha"": 0.086}","{""cell_m"": 0.5, ""max_frame_gap_s"": 3.0, ""max_ground_speed_mps"": 20.0, ""width_rule"": ""min_of_two_endpoints"", ""work_rule"": ""application_on_both_endpoints""}",False
688592767,1581F574B2387001009R,2026-08-17 23:33:23,e5d2d5d8-ae06-4230-86b1-3ff2e7dd749d,1169,1566.0,RAW_CORROBORATED_QUALIFIED,85,HISTORICAL_GEOMETRY_NOT_PROVEN,ESTIMATE,,0.1583,,,0.1559,-0.0024,,0.9848,0.2135,0.0552,-0.0152,,CONTOUR_ABSENT,0.5,False,6.3,True,"{""APPLICATION_EDGE"": 0.4644655369648357, ""NO_APPLICATION"": 130.96468982625998, ""NO_WIDTH"": 385.24623827179914, ""STANDSTILL"": 0.0, ""WORK"": 247.45689459989802}","{""clipped_all_ha"": null, ""clipped_work_ha"": null, ""contour_ha"": null, ""swath_all_ha"": 0.19, ""swath_work_ha"": 0.19}","{""cell_m"": 0.5, ""max_frame_gap_s"": 3.0, ""max_ground_speed_mps"": 20.0, ""width_rule"": ""min_of_two_endpoints"", ""work_rule"": ""application_on_both_endpoints""}",False
688608292,1581F574B2387001009R,2026-08-17 23:39:49,e5d2d5d8-ae06-4230-86b1-3ff2e7dd749d,1169,11186.0,RAW_CORROBORATED_QUALIFIED,87,HISTORICAL_GEOMETRY_NOT_PROVEN,ESTIMATE,,1.1303,,,1.1103,-0.02,,0.9823,1.1603,0.03,-0.0177,,CONTOUR_ABSENT,0.5,False,6.3,True,"{""APPLICATION_EDGE"": 3.051345341362831, ""NO_APPLICATION"": 216.32811543923873, ""NO_WIDTH"": 308.23747158392257, ""STANDSTILL"": 0.0, ""WORK"": 1762.3523405834892}","{""clipped_all_ha"": null, ""clipped_work_ha"": null, ""contour_ha"": null, ""swath_all_ha"": 0.097, ""swath_work_ha"": 0.097}","{""cell_m"": 0.5, ""max_frame_gap_s"": 3.0, ""max_ground_speed_mps"": 20.0, ""width_rule"": ""min_of_two_endpoints"", ""work_rule"": ""application_on_both_endpoints""}",False
688620789,1581F574B2387001009R,2026-08-17 23:50:48,e5d2d5d8-ae06-4230-86b1-3ff2e7dd749d,1169,10480.0,RAW_CORROBORATED_QUALIFIED,89,HISTORICAL_GEOMETRY_NOT_PROVEN,ESTIMATE,,1.0527,,,1.0383,-0.0144,,0.9863,1.1521,0.0994,-0.0137,,CONTOUR_ABSENT,0.5,False,6.3,True,"{""APPLICATION_EDGE"": 2.641342864312362, ""NO_APPLICATION"": 191.22376486271187, ""NO_WIDTH"": 192.09937081264962, ""STANDSTILL"": 0.0, ""WORK"": 1648.1134253356913}","{""clipped_all_ha"": null, ""clipped_work_ha"": null, ""contour_ha"": null, ""swath_all_ha"": 0.114, ""swath_work_ha"": 0.114}","{""cell_m"": 0.5, ""max_frame_gap_s"": 3.0, ""max_ground_speed_mps"": 20.0, ""width_rule"": ""min_of_two_endpoints"", ""work_rule"": ""application_on_both_endpoints""}",False
688637243,1581F574B2387001009R,2026-08-18 00:00:58,e5d2d5d8-ae06-4230-86b1-3ff2e7dd749d,1169,10313.0,RAW_CORROBORATED_QUALIFIED,91,HISTORICAL_GEOMETRY_NOT_PROVEN,ESTIMATE,,1.0303,,,1.0519,0.0216,0.0216,1.021,1.0953,0.065,0.021,,CONTOUR_ABSENT,0.5,False,6.3,True,"{""APPLICATION_EDGE"": 2.9363728077220435, ""NO_APPLICATION"": 273.5054445135411, ""NO_WIDTH"": 178.5885804934346, ""STANDSTILL"": 0.0, ""WORK"": 1669.7226603950694}","{""clipped_all_ha"": null, ""clipped_work_ha"": null, ""contour_ha"": null, ""swath_all_ha"": 0.165, ""swath_work_ha"": 0.165}","{""cell_m"": 0.5, ""max_frame_gap_s"": 3.0, ""max_ground_speed_mps"": 20.0, ""width_rule"": ""min_of_two_endpoints"", ""work_rule"": ""application_on_both_endpoints""}",False
688637245,1581F574B2387001009R,2026-08-18 00:08:44,,,0.0,COUNTER_ZERO,94,HISTORICAL_GEOMETRY_NOT_PROVEN,ESTIMATE,,0.0052,,,0.0001,-0.0051,,0.0234,0.0052,0.0,-0.9766,,CONTOUR_ABSENT,0.5,False,"6.3,8.0",False,"{""APPLICATION_EDGE"": 0.0034033242131773075, ""NO_APPLICATION"": 0.24466172278851078, ""WORK"": 0.15495296364002906}","{""clipped_all_ha"": null, ""clipped_work_ha"": null, ""contour_ha"": null, ""swath_all_ha"": 0.0, ""swath_work_ha"": 0.0}","{""cell_m"": 0.5, ""max_frame_gap_s"": 3.0, ""max_ground_speed_mps"": 20.0, ""width_rule"": ""min_of_two_endpoints"", ""work_rule"": ""application_on_both_endpoints""}",False
688637246,1581F574B2387001009R,2026-08-18 00:08:50,,,10313.0,COUNTER_FLAT_RAW_OVERSTATED,95,HISTORICAL_GEOMETRY_NOT_PROVEN,NO_CONFIRMED_APPLICATION,NO_WIDTH,,,,,,,,,,,,CONTOUR_ABSENT,,,,False,"{""NO_APPLICATION"": 126.50982873239002, ""NO_WIDTH"": 160.99827195657082}",{},{},False
689264563,1581F574B2387001009R,2026-08-18 15:55:05,716bab79-48fd-4bbf-9cbd-f2a1c57c65fa,2784,10106.0,RAW_CORROBORATED_QUALIFIED,144,HISTORICAL_GEOMETRY_NOT_PROVEN,ESTIMATE,,1.0193,,,0.9904,-0.0289,,0.9716,1.0746,0.0553,-0.0284,,CONTOUR_ABSENT,0.5,False,6.2,True,"{""APPLICATION_EDGE"": 4.524506325189609, ""NO_APPLICATION"": 244.50493549380028, ""NO_WIDTH"": 29.313497886066607, ""STANDSTILL"": 0.0, ""WORK"": 1597.396725133922}","{""clipped_all_ha"": null, ""clipped_work_ha"": null, ""contour_ha"": null, ""swath_all_ha"": 0.02, ""swath_work_ha"": 0.02}","{""cell_m"": 0.5, ""max_frame_gap_s"": 3.0, ""max_ground_speed_mps"": 20.0, ""width_rule"": ""min_of_two_endpoints"", ""work_rule"": ""application_on_both_endpoints""}",False
689269694,1581F574B2387001009R,2026-08-18 16:09:20,716bab79-48fd-4bbf-9cbd-f2a1c57c65fa,2784,9913.0,RAW_CORROBORATED_QUALIFIED,152,HISTORICAL_GEOMETRY_NOT_PROVEN,ESTIMATE,,0.9939,,,0.9673,-0.0266,,0.9733,1.0646,0.0707,-0.0267,,CONTOUR_ABSENT,0.5,False,6.2,True,"{""APPLICATION_EDGE"": 4.015232012254406, ""NO_APPLICATION"": 183.68109721086165, ""NO_WIDTH"": 63.11098489993484, ""STANDSTILL"": 0.0, ""WORK"": 1560.2282647498469}","{""clipped_all_ha"": null, ""clipped_work_ha"": null, ""contour_ha"": null, ""swath_all_ha"": 0.02, ""swath_work_ha"": 0.02}","{""cell_m"": 0.5, ""max_frame_gap_s"": 3.0, ""max_ground_speed_mps"": 20.0, ""width_rule"": ""min_of_two_endpoints"", ""work_rule"": ""application_on_both_endpoints""}",False
689276048,1581F574B2387001009R,2026-08-18 16:22:39,716bab79-48fd-4bbf-9cbd-f2a1c57c65fa,2784,9360.0,RAW_CORROBORATED_QUALIFIED,158,HISTORICAL_GEOMETRY_NOT_PROVEN,ESTIMATE,,0.9425,,,0.9447,0.0022,0.0022,1.0023,1.0435,0.101,0.0023,,CONTOUR_ABSENT,0.5,False,6.2,True,"{""APPLICATION_EDGE"": 5.018624675376131, ""NO_APPLICATION"": 362.5767806703071, ""NO_WIDTH"": 179.32104142394454, ""STANDSTILL"": 0.0, ""WORK"": 1523.6787282193495}","{""clipped_all_ha"": null, ""clipped_work_ha"": null, ""contour_ha"": null, ""swath_all_ha"": 0.127, ""swath_work_ha"": 0.127}","{""cell_m"": 0.5, ""max_frame_gap_s"": 3.0, ""max_ground_speed_mps"": 20.0, ""width_rule"": ""min_of_two_endpoints"", ""work_rule"": ""application_on_both_endpoints""}",False
689291315,1581F574B2387001009R,2026-08-18 17:12:39,73f5d697-1e8a-41e9-8d82-a16267d3719c,2785,9846.0,RAW_CORROBORATED_QUALIFIED,185,HISTORICAL_GEOMETRY_NOT_PROVEN,ESTIMATE,,0.9879,,,0.9647,-0.0232,,0.9765,1.0427,0.0548,-0.0235,,CONTOUR_ABSENT,0.5,False,6.3,True,"{""APPLICATION_EDGE"": 4.0670934659423335, ""NO_APPLICATION"": 265.73145928187085, ""NO_WIDTH"": 25.08239280373618, ""STANDSTILL"": 0.0, ""WORK"": 1531.2729626100995}","{""clipped_all_ha"": null, ""clipped_work_ha"": null, ""contour_ha"": null, ""swath_all_ha"": 0.03, ""swath_work_ha"": 0.03}","{""cell_m"": 0.5, ""max_frame_gap_s"": 3.0, ""max_ground_speed_mps"": 20.0, ""width_rule"": ""min_of_two_endpoints"", ""work_rule"": ""application_on_both_endpoints""}",False
689294253,1581F574B2387001009R,2026-08-18 17:24:26,73f5d697-1e8a-41e9-8d82-a16267d3719c,2785,9940.0,RAW_CORROBORATED_QUALIFIED,190,HISTORICAL_GEOMETRY_NOT_PROVEN,ESTIMATE,,1.0011,,,0.9801,-0.021,,0.979,1.0866,0.0855,-0.021,,CONTOUR_ABSENT,0.5,False,6.3,True,"{""APPLICATION_EDGE"": 3.790784247909502, ""NO_APPLICATION"": 296.2264037404673, ""NO_WIDTH"": 177.0239083499719, ""STANDSTILL"": 0.0, ""WORK"": 1555.6869467021272}","{""clipped_all_ha"": null, ""clipped_work_ha"": null, ""contour_ha"": null, ""swath_all_ha"": 0.01, ""swath_work_ha"": 0.01}","{""cell_m"": 0.5, ""max_frame_gap_s"": 3.0, ""max_ground_speed_mps"": 20.0, ""width_rule"": ""min_of_two_endpoints"", ""work_rule"": ""application_on_both_endpoints""}",False
689298227,1581F574B2387001009R,2026-08-18 17:35:52,73f5d697-1e8a-41e9-8d82-a16267d3719c,2785,9913.0,RAW_CORROBORATED_QUALIFIED,196,HISTORICAL_GEOMETRY_NOT_PROVEN,ESTIMATE,,0.9976,,,0.9787,-0.0189,,0.9811,1.1011,0.1035,-0.0189,,CONTOUR_ABSENT,0.5,False,6.3,True,"{""APPLICATION_EDGE"": 5.203313643541103, ""NO_APPLICATION"": 313.8173716632338, ""NO_WIDTH"": 253.6855468459248, ""STANDSTILL"": 0.0, ""WORK"": 1553.5496700415363}","{""clipped_all_ha"": null, ""clipped_work_ha"": null, ""contour_ha"": null, ""swath_all_ha"": 0.14, ""swath_work_ha"": 0.14}","{""cell_m"": 0.5, ""max_frame_gap_s"": 3.0, ""max_ground_speed_mps"": 20.0, ""width_rule"": ""min_of_two_endpoints"", ""work_rule"": ""application_on_both_endpoints""}",False
689302278,1581F574B2387001009R,2026-08-18 17:48:19,73f5d697-1e8a-41e9-8d82-a16267d3719c,2785,5506.0,RAW_CORROBORATED_QUALIFIED,202,HISTORICAL_GEOMETRY_NOT_PROVEN,ESTIMATE,,0.5619,,,0.5368,-0.0251,,0.9553,0.6631,0.1012,-0.0447,,CONTOUR_ABSENT,0.5,False,6.3,True,"{""APPLICATION_EDGE"": 3.222130481317635, ""NO_APPLICATION"": 282.7044250413909, ""NO_WIDTH"": 464.6513158455228, ""STANDSTILL"": 0.0, ""WORK"": 852.0260666604714}","{""clipped_all_ha"": null, ""clipped_work_ha"": null, ""contour_ha"": null, ""swath_all_ha"": 0.089, ""swath_work_ha"": 0.089}","{""cell_m"": 0.5, ""max_frame_gap_s"": 3.0, ""max_ground_speed_mps"": 20.0, ""width_rule"": ""min_of_two_endpoints"", ""work_rule"": ""application_on_both_endpoints""}",False
689303735,1581F574B2387001009R,2026-08-18 17:57:19,73f5d697-1e8a-41e9-8d82-a16267d3719c,2785,4340.0,RAW_CORROBORATED_QUALIFIED,208,HISTORICAL_GEOMETRY_NOT_PROVEN,ESTIMATE,,0.4351,,,0.4273,-0.0078,,0.9821,0.5034,0.0683,-0.0179,,CONTOUR_ABSENT,0.5,False,6.3,True,"{""APPLICATION_EDGE"": 1.4735137849527726, ""NO_APPLICATION"": 142.0560760364418, ""NO_WIDTH"": 307.08749814660297, ""STANDSTILL"": 0.0, ""WORK"": 678.2953562578363}","{""clipped_all_ha"": null, ""clipped_work_ha"": null, ""contour_ha"": null, ""swath_all_ha"": 0.115, ""swath_work_ha"": 0.115}","{""cell_m"": 0.5, ""max_frame_gap_s"": 3.0, ""max_ground_speed_mps"": 20.0, ""width_rule"": ""min_of_two_endpoints"", ""work_rule"": ""application_on_both_endpoints""}",False
689306323,1581F574B2387001009R,2026-08-18 18:05:51,73f5d697-1e8a-41e9-8d82-a16267d3719c,2785,9033.0,RAW_CORROBORATED_QUALIFIED,211,HISTORICAL_GEOMETRY_NOT_PROVEN,ESTIMATE,,0.907,,,0.8891,-0.0179,,0.9803,0.9427,0.0357,-0.0197,,CONTOUR_ABSENT,0.5,False,6.3,True,"{""APPLICATION_EDGE"": 2.9024405465406495, ""NO_APPLICATION"": 122.8663052706561, ""NO_WIDTH"": 325.78198659431865, ""STANDSTILL"": 0.0, ""WORK"": 1411.298828004106}","{""clipped_all_ha"": null, ""clipped_work_ha"": null, ""contour_ha"": null, ""swath_all_ha"": 0.011, ""swath_work_ha"": 0.011}","{""cell_m"": 0.5, ""max_frame_gap_s"": 3.0, ""max_ground_speed_mps"": 20.0, ""width_rule"": ""min_of_two_endpoints"", ""work_rule"": ""application_on_both_endpoints""}",False
689309221,1581F574B2387001009R,2026-08-18 18:16:25,73f5d697-1e8a-41e9-8d82-a16267d3719c,2785,8166.0,RAW_CORROBORATED_QUALIFIED,214,HISTORICAL_GEOMETRY_NOT_PROVEN,ESTIMATE,,0.8505,,,0.8519,0.0014,0.0014,1.0017,0.9089,0.0584,0.0017,,CONTOUR_ABSENT,0.5,False,6.3,True,"{""APPLICATION_EDGE"": 1.3725791817620439, ""NO_APPLICATION"": 183.0010621623544, ""NO_WIDTH"": 407.94779662584335, ""STANDSTILL"": 0.0, ""WORK"": 1352.284629092836}","{""clipped_all_ha"": null, ""clipped_work_ha"": null, ""contour_ha"": null, ""swath_all_ha"": 0.012, ""swath_work_ha"": 0.012}","{""cell_m"": 0.5, ""max_frame_gap_s"": 3.0, ""max_ground_speed_mps"": 20.0, ""width_rule"": ""min_of_two_endpoints"", ""work_rule"": ""application_on_both_endpoints""}",False
689311335,1581F574B2387001009R,2026-08-18 18:33:14,a36f84d0-b05b-4b37-a5d7-dc1f790a3333,1176,2546.0,RAW_CORROBORATED_QUALIFIED,217,HISTORICAL_GEOMETRY_NOT_PROVEN,ESTIMATE,,0.2641,,,0.2824,0.0183,0.0183,1.0693,0.2731,0.009,0.0693,,CONTOUR_ABSENT,0.5,False,6.0,True,"{""APPLICATION_EDGE"": 1.3978804372607248, ""NO_APPLICATION"": 41.50733155891162, ""NO_WIDTH"": 25.826073523104753, ""STANDSTILL"": 0.0, ""WORK"": 470.6774828301027}","{""clipped_all_ha"": null, ""clipped_work_ha"": null, ""contour_ha"": null, ""swath_all_ha"": 0.114, ""swath_work_ha"": 0.114}","{""cell_m"": 0.5, ""max_frame_gap_s"": 3.0, ""max_ground_speed_mps"": 20.0, ""width_rule"": ""min_of_two_endpoints"", ""work_rule"": ""application_on_both_endpoints""}",False
689314827,1581F574B2387001009R,2026-08-18 18:41:04,9324ceea-74bb-4349-88d2-945545cf553c,2786,8473.0,RAW_CORROBORATED_QUALIFIED,220,HISTORICAL_GEOMETRY_NOT_PROVEN,ESTIMATE,,0.8134,,,0.8499,0.0365,0.0365,1.0448,0.8851,0.0717,0.0448,,CONTOUR_ABSENT,0.5,False,6.5,True,"{""APPLICATION_EDGE"": 4.842946392543913, ""NO_APPLICATION"": 245.497343343782, ""NO_WIDTH"": 294.3083961295149, ""STANDSTILL"": 0.0, ""WORK"": 1307.4864896831111}","{""clipped_all_ha"": null, ""clipped_work_ha"": null, ""contour_ha"": null, ""swath_all_ha"": 0.061, ""swath_work_ha"": 0.061}","{""cell_m"": 0.5, ""max_frame_gap_s"": 3.0, ""max_ground_speed_mps"": 20.0, ""width_rule"": ""min_of_two_endpoints"", ""work_rule"": ""application_on_both_endpoints""}",False
