flight_id,hardware_id,start_at_utc,end_at_utc,report_start_date,raw_area_m2,corrected_recorded_area_m2,counter_observed_delta_m2,controller_delta_area_m2,area_status,area_confidence,aggregation_eligibility,anomaly_flags_json,application_activity,application_channel_quality,area_algorithm_version,v4_summary_id,calculation_input_hash,field_attribution_tier,field_attribution_method,field_land_uuid,linked_land_uuid,geometry_holder_land_uuid,attribution_geometry_md5,land_snapshot_id,land_revision_id,historical_geometry_available,historical_geometry_sha256,field_name_at_snapshot,field_input_hash,v4_revision_id,route_revision_id,list_spray_width,v4_identity_status,route_identity_status,list_start_ts,list_end_ts,v4_summary_row_id,v4_summary_source_id,span_s,frame_count,application_frames,moving_application_distance_m,width_min,width_max,v4_summary_parser_version
688446950,1581F574B235W00100Q5,2026-08-17 19:03:07,2026-08-17 19:10:30,2026-08-18,10080.0,10080.0,10080.000076442957,,RAW_CORROBORATED_QUALIFIED,MEDIUM,PROVISIONAL,"[""COUNTER_LEADING_OMISSION"", ""LIST_FROM_MUTABLE_RAW_JSON""]",PRESENT,INFORMATIVE,dji-area-evidence-2026-09-08-final-1-impl-3,1,d994bd6319e7d3d8a4038ad82843519af5b94263d222e84b972a9ee166580f90,TIER2_STRONG,PLAIN_MD5_CATALOG_MATCH_BYTES_UNAVAILABLE,3fed5a46-2991-4a7e-b721-1f819790cfb6,,3fed5a46-2991-4a7e-b721-1f819790cfb6,35ef24ff2d17a25fd6e72d206924226a,1,954,0,,ShukrulloBerdizamini,346362cfa5e0dd509a96e02abc73d711050c11c1f61d8b869166d543889bae4f,600,599,6.360000133514404,URL_PATH_MATCH,OK,1786993387,1786993830,1,600,443.4,4435,2850,1568.3,6.300000190734863,6.300000190734863,v4-parse-1
688449585,1581F574B235W00100Q5,2026-08-17 19:12:40,2026-08-17 19:20:24,2026-08-18,9980.0,9980.0,9979.99969497323,,RAW_CORROBORATED_QUALIFIED,MEDIUM,PROVISIONAL,"[""COUNTER_LEADING_OMISSION"", ""LIST_FROM_MUTABLE_RAW_JSON""]",PRESENT,INFORMATIVE,dji-area-evidence-2026-09-08-final-1-impl-3,4,2625cb12211e47384d907e5fb6dbde24c2cd3e83069141f1ec280d716a6888c3,TIER2_STRONG,PLAIN_MD5_CATALOG_MATCH_BYTES_UNAVAILABLE,3fed5a46-2991-4a7e-b721-1f819790cfb6,,3fed5a46-2991-4a7e-b721-1f819790cfb6,35ef24ff2d17a25fd6e72d206924226a,1,954,0,,ShukrulloBerdizamini,346362cfa5e0dd509a96e02abc73d711050c11c1f61d8b869166d543889bae4f,608,607,6.360000133514404,URL_PATH_MATCH,OK,1786993960,1786994424,4,608,464.4,4645,2824,1557.3,6.300000190734863,6.300000190734863,v4-parse-1
688452738,1581F574B235W00100Q5,2026-08-17 19:22:53,2026-08-17 19:30:53,2026-08-18,10300.0,10300.0,10286.666692545015,,RAW_CORROBORATED_QUALIFIED,MEDIUM,PROVISIONAL,"[""COUNTER_LEADING_OMISSION"", ""LIST_FROM_MUTABLE_RAW_JSON""]",PRESENT,INFORMATIVE,dji-area-evidence-2026-09-08-final-1-impl-3,9,6f47a5dce899e6c1ac4a6ece604b7627d27729610fbe3139528765518b86be8a,TIER2_STRONG,PLAIN_MD5_CATALOG_MATCH_BYTES_UNAVAILABLE,3fed5a46-2991-4a7e-b721-1f819790cfb6,,3fed5a46-2991-4a7e-b721-1f819790cfb6,35ef24ff2d17a25fd6e72d206924226a,1,954,0,,ShukrulloBerdizamini,346362cfa5e0dd509a96e02abc73d711050c11c1f61d8b869166d543889bae4f,616,615,6.360000133514404,URL_PATH_MATCH,OK,1786994573,1786995053,9,616,480.0,4801,2922,1608.7,6.300000190734863,6.300000190734863,v4-parse-1
688455776,1581F574B235W00100Q5,2026-08-17 19:32:56,2026-08-17 19:41:46,2026-08-18,8520.0,8520.0,8553.333435207605,,RAW_CORROBORATED_QUALIFIED,MEDIUM,PROVISIONAL,"[""COUNTER_LEADING_OMISSION"", ""LIST_FROM_MUTABLE_RAW_JSON""]",PRESENT,INFORMATIVE,dji-area-evidence-2026-09-08-final-1-impl-3,12,b4e9a868e246fda345445f76068802d5ebe2673b6cbd77f959da24296ee6c4ef,TIER2_STRONG,PLAIN_MD5_CATALOG_MATCH_BYTES_UNAVAILABLE,3fed5a46-2991-4a7e-b721-1f819790cfb6,,3fed5a46-2991-4a7e-b721-1f819790cfb6,35ef24ff2d17a25fd6e72d206924226a,1,954,0,,ShukrulloBerdizamini,346362cfa5e0dd509a96e02abc73d711050c11c1f61d8b869166d543889bae4f,628,627,6.360000133514404,URL_PATH_MATCH,OK,1786995176,1786995706,12,628,530.4,5305,2976,1426.7,6.300000190734863,6.300000190734863,v4-parse-1
688456707,1581F574B235W00100Q5,2026-08-17 19:43:29,2026-08-17 19:45:03,2026-08-18,0.0,,,,APPLICATION_WITHOUT_MEASURED_AREA,MEDIUM,UNRESOLVED,"[""AREA_CHANNEL_ABSENT"", ""LIST_FROM_MUTABLE_RAW_JSON""]",PRESENT,INFORMATIVE,dji-area-evidence-2026-09-08-final-1-impl-3,15,98671dcdc58890b3b2b347bcaa0f8336eed553fee5da881bc7932bea074da591,TIER5_UNKNOWN,MANUAL_NO_KEY,,,,,,,0,,,00f94703e33d40ab95ca31ca4460bc4e4f0080ce6bf336aa14a4c9ff2b4235f9,636,635,,URL_PATH_MATCH,OK,1786995809,1786995903,15,636,94.4,945,258,132.8,,,v4-parse-1
688459116,1581F574B235W00100Q5,2026-08-17 19:47:33,2026-08-17 19:54:27,2026-08-18,10006.0,10006.0,9999.999822427828,,RAW_CORROBORATED_QUALIFIED,MEDIUM,PROVISIONAL,"[""COUNTER_LEADING_OMISSION"", ""LIST_FROM_MUTABLE_RAW_JSON""]",PRESENT,INFORMATIVE,dji-area-evidence-2026-09-08-final-1-impl-3,16,6e0923b9a23df31240c60ed14d1f7c183088d538f1cc9931d8390d1f360bea3d,TIER2_STRONG,PLAIN_MD5_CATALOG_MATCH_BYTES_UNAVAILABLE,427b0261-0096-4cdb-aa3d-7e3b397b778f,,427b0261-0096-4cdb-aa3d-7e3b397b778f,2ff3beaa5d271a2cb742a9bb42f55735,1,955,0,,ShukrulloBerdizamini,af513d71883af44033c098c0b4b2e05ec6e05718d3e12688a9ff81a837938c1b,644,643,6.349999904632568,URL_PATH_MATCH,OK,1786996053,1786996467,16,644,414.0,4141,2702,1568.2,6.300000190734863,6.300000190734863,v4-parse-1
688461762,1581F574B235W00100Q5,2026-08-17 19:57:23,2026-08-17 20:04:35,2026-08-18,9986.0,9986.0,10013.33330820004,,RAW_CORROBORATED_QUALIFIED,MEDIUM,PROVISIONAL,"[""COUNTER_LEADING_OMISSION"", ""LIST_FROM_MUTABLE_RAW_JSON""]",PRESENT,INFORMATIVE,dji-area-evidence-2026-09-08-final-1-impl-3,19,a5334290691fa72808d4f2034e0bbd2783f7464a308ea18bf37a86062dc542c3,TIER2_STRONG,PLAIN_MD5_CATALOG_MATCH_BYTES_UNAVAILABLE,427b0261-0096-4cdb-aa3d-7e3b397b778f,,427b0261-0096-4cdb-aa3d-7e3b397b778f,2ff3beaa5d271a2cb742a9bb42f55735,1,955,0,,ShukrulloBerdizamini,af513d71883af44033c098c0b4b2e05ec6e05718d3e12688a9ff81a837938c1b,664,663,6.349999904632568,URL_PATH_MATCH,OK,1786996643,1786997075,19,664,432.2,4323,2744,1568.9,6.300000190734863,6.300000190734863,v4-parse-1
688464086,1581F574B235W00100Q5,2026-08-17 20:06:51,2026-08-17 20:14:25,2026-08-18,9960.0,9960.0,9979.999847710133,,RAW_CORROBORATED_QUALIFIED,MEDIUM,PROVISIONAL,"[""COUNTER_LEADING_OMISSION"", ""LIST_FROM_MUTABLE_RAW_JSON""]",PRESENT,INFORMATIVE,dji-area-evidence-2026-09-08-final-1-impl-3,24,d785f2a15abd676e51c065453b9d65416a0cffd10008cb57e8d9fe7b6f810f2c,TIER2_STRONG,PLAIN_MD5_CATALOG_MATCH_BYTES_UNAVAILABLE,427b0261-0096-4cdb-aa3d-7e3b397b778f,,427b0261-0096-4cdb-aa3d-7e3b397b778f,2ff3beaa5d271a2cb742a9bb42f55735,1,955,0,,ShukrulloBerdizamini,af513d71883af44033c098c0b4b2e05ec6e05718d3e12688a9ff81a837938c1b,672,671,6.349999904632568,URL_PATH_MATCH,OK,1786997211,1786997665,24,672,454.1,4542,2738,1564.2,6.300000190734863,6.300000190734863,v4-parse-1
688467354,1581F574B235W00100Q5,2026-08-17 20:16:50,2026-08-17 20:25:38,2026-08-18,9800.0,9800.0,9806.666361788908,,RAW_CORROBORATED_QUALIFIED,MEDIUM,PROVISIONAL,"[""COUNTER_LEADING_OMISSION"", ""LIST_FROM_MUTABLE_RAW_JSON""]",PRESENT,INFORMATIVE,dji-area-evidence-2026-09-08-final-1-impl-3,28,fde19a21be49acfe5bf91dfb878a39a8e937e7659a6c26e443f917c0a37c5632,TIER2_STRONG,PLAIN_MD5_CATALOG_MATCH_BYTES_UNAVAILABLE,427b0261-0096-4cdb-aa3d-7e3b397b778f,,427b0261-0096-4cdb-aa3d-7e3b397b778f,2ff3beaa5d271a2cb742a9bb42f55735,1,955,0,,ShukrulloBerdizamini,af513d71883af44033c098c0b4b2e05ec6e05718d3e12688a9ff81a837938c1b,680,679,6.349999904632568,URL_PATH_MATCH,OK,1786997810,1786998338,28,680,528.1,5282,3106,1542.8,6.300000190734863,6.300000190734863,v4-parse-1
688472018,1581F574B235W00100Q5,2026-08-17 20:27:29,2026-08-17 20:32:32,2026-08-18,3773.0,3773.0,3766.666565090418,,RAW_CORROBORATED_QUALIFIED,MEDIUM,PROVISIONAL,"[""COUNTER_LEADING_OMISSION"", ""LIST_FROM_MUTABLE_RAW_JSON""]",PRESENT,INFORMATIVE,dji-area-evidence-2026-09-08-final-1-impl-3,31,c7c2c061a48f7739407950b2f397122d4460d60d6196a6ff6e5c4cbf5e446002,TIER2_STRONG,PLAIN_MD5_CATALOG_MATCH_BYTES_UNAVAILABLE,427b0261-0096-4cdb-aa3d-7e3b397b778f,,427b0261-0096-4cdb-aa3d-7e3b397b778f,2ff3beaa5d271a2cb742a9bb42f55735,1,955,0,,ShukrulloBerdizamini,af513d71883af44033c098c0b4b2e05ec6e05718d3e12688a9ff81a837938c1b,12,11,6.349999904632568,URL_PATH_MATCH,OK,1786998449,1786998752,31,12,303.7,3038,2097,658.9,6.300000190734863,6.300000190734863,v4-parse-1
688472021,1581F574B235W00100Q5,2026-08-17 20:32:32,2026-08-17 20:33:34,2026-08-18,1540.0,1540.0,1539.9999618530273,,RAW_UNVERIFIED,LOW,PROVISIONAL,"[""V4_WINDOW_INCOMPLETE"", ""LIST_FROM_MUTABLE_RAW_JSON""]",PRESENT,INFORMATIVE,dji-area-evidence-2026-09-08-final-1-impl-3,34,9a283313483b2423a551b48ca03c3191cce6198ceebdf870f1d788a87c3cdda1,TIER5_UNKNOWN,MANUAL_NO_KEY,,,,,,,0,,,00f94703e33d40ab95ca31ca4460bc4e4f0080ce6bf336aa14a4c9ff2b4235f9,15,14,,URL_PATH_MATCH,OK,1786998752,1786998814,34,15,61.8,619,272,193.9,6.300000190734863,8.0,v4-parse-1
688472022,1581F574B235W00100Q5,2026-08-17 20:33:34,2026-08-17 20:34:06,2026-08-18,3773.0,3773.0,0.0,,RAW_UNVERIFIED,LOW,PROVISIONAL,"[""V4_WINDOW_INCOMPLETE"", ""LIST_FROM_MUTABLE_RAW_JSON""]",PRESENT,INFORMATIVE,dji-area-evidence-2026-09-08-final-1-impl-3,35,13eb63fe17f452fed11e56431bae2777ccbb744188f4b2da8881493e5f016056,TIER2_STRONG,PLAIN_MD5_CATALOG_MATCH_BYTES_UNAVAILABLE,3fed5a46-2991-4a7e-b721-1f819790cfb6,,3fed5a46-2991-4a7e-b721-1f819790cfb6,35ef24ff2d17a25fd6e72d206924226a,1,954,0,,ShukrulloBerdizamini,346362cfa5e0dd509a96e02abc73d711050c11c1f61d8b869166d543889bae4f,18,17,6.360000133514404,URL_PATH_MATCH,OK,1786998814,1786998846,35,18,31.8,319,1,0.0,6.300000190734863,8.0,v4-parse-1
688472024,1581F574B235W00100Q5,2026-08-17 20:34:06,2026-08-17 20:36:50,2026-08-18,1300.0,1300.0,1300.0001907348633,,RAW_UNVERIFIED,LOW,PROVISIONAL,"[""V4_WINDOW_INCOMPLETE"", ""LIST_FROM_MUTABLE_RAW_JSON""]",PRESENT,INFORMATIVE,dji-area-evidence-2026-09-08-final-1-impl-3,36,f272e7d4f2444868550d5a7d00eb141d9023bba9d999695f81218ac5d1ab62a5,TIER2_STRONG,PLAIN_MD5_CATALOG_MATCH_BYTES_UNAVAILABLE,3fed5a46-2991-4a7e-b721-1f819790cfb6,,3fed5a46-2991-4a7e-b721-1f819790cfb6,35ef24ff2d17a25fd6e72d206924226a,1,954,0,,ShukrulloBerdizamini,346362cfa5e0dd509a96e02abc73d711050c11c1f61d8b869166d543889bae4f,21,20,6.360000133514404,URL_PATH_MATCH,OK,1786998846,1786999010,36,21,163.1,1632,800,550.9,6.300000190734863,6.300000190734863,v4-parse-1
688474689,1581F574B235W00100Q5,2026-08-17 20:39:18,2026-08-17 20:47:01,2026-08-18,9746.0,9746.0,9760.000051309664,,RAW_CORROBORATED_QUALIFIED,MEDIUM,PROVISIONAL,"[""COUNTER_LEADING_OMISSION"", ""LIST_FROM_MUTABLE_RAW_JSON""]",PRESENT,INFORMATIVE,dji-area-evidence-2026-09-08-final-1-impl-3,38,231a97aef7f7ab5862bb593bad03a24f10b3b396fb59991b90caaae10cfcf061,TIER2_STRONG,PLAIN_MD5_CATALOG_MATCH_BYTES_UNAVAILABLE,6cbfa0e1-3225-465e-9d26-f516850041fe,,6cbfa0e1-3225-465e-9d26-f516850041fe,1c7f211d8609083bd36d29fd2fdaffee,1,956,0,,ShukrulloBerdizamini,29ad5c2eb6d0ae460d8ee8644642153034db55ff0edf13b3ec31847017518657,24,23,6.289999961853027,URL_PATH_MATCH,OK,1786999158,1786999621,38,24,463.0,4631,2688,1541.7,6.199999809265137,6.199999809265137,v4-parse-1
688479512,1581F574B235W00100Q5,2026-08-17 20:49:26,2026-08-17 20:57:20,2026-08-18,9533.0,9533.0,9533.333130180836,,RAW_CORROBORATED_QUALIFIED,MEDIUM,PROVISIONAL,"[""COUNTER_LEADING_OMISSION"", ""LIST_FROM_MUTABLE_RAW_JSON""]",PRESENT,INFORMATIVE,dji-area-evidence-2026-09-08-final-1-impl-3,43,f82562f9943a162c27e691a836a9d336dd5ac5bb7083a66e35955a9fa069996b,TIER2_STRONG,PLAIN_MD5_CATALOG_MATCH_BYTES_UNAVAILABLE,6cbfa0e1-3225-465e-9d26-f516850041fe,,6cbfa0e1-3225-465e-9d26-f516850041fe,1c7f211d8609083bd36d29fd2fdaffee,1,956,0,,ShukrulloBerdizamini,29ad5c2eb6d0ae460d8ee8644642153034db55ff0edf13b3ec31847017518657,36,35,6.289999961853027,URL_PATH_MATCH,OK,1786999766,1787000240,43,36,474.5,4746,2678,1509.3,6.199999809265137,6.199999809265137,v4-parse-1
688484359,1581F574B235W00100Q5,2026-08-17 21:00:52,2026-08-17 21:08:34,2026-08-18,9626.0,9626.0,9633.333511650562,,RAW_CORROBORATED_QUALIFIED,MEDIUM,PROVISIONAL,"[""COUNTER_LEADING_OMISSION"", ""LIST_FROM_MUTABLE_RAW_JSON""]",PRESENT,INFORMATIVE,dji-area-evidence-2026-09-08-final-1-impl-3,46,7cdc6399c538116cdf91d15a66d009e8fe0a6a15c51891404de400c5a9ff33fa,TIER2_STRONG,PLAIN_MD5_CATALOG_MATCH_BYTES_UNAVAILABLE,6cbfa0e1-3225-465e-9d26-f516850041fe,,6cbfa0e1-3225-465e-9d26-f516850041fe,1c7f211d8609083bd36d29fd2fdaffee,1,956,0,,ShukrulloBerdizamini,29ad5c2eb6d0ae460d8ee8644642153034db55ff0edf13b3ec31847017518657,42,41,6.289999961853027,URL_PATH_MATCH,OK,1787000452,1787000914,46,42,462.3,4624,2756,1540.9,6.199999809265137,6.199999809265137,v4-parse-1
688488264,1581F574B235W00100Q5,2026-08-17 21:10:50,2026-08-17 21:16:20,2026-08-18,3386.0,3386.0,3379.9999492863813,,RAW_CORROBORATED_QUALIFIED,MEDIUM,PROVISIONAL,"[""COUNTER_LEADING_OMISSION"", ""LIST_FROM_MUTABLE_RAW_JSON""]",PRESENT,INFORMATIVE,dji-area-evidence-2026-09-08-final-1-impl-3,49,a5c7ee1958c7fe4e1f3bb34bd9eed78b1180e9eaa0f1270cc9de42304e5756e6,TIER2_STRONG,PLAIN_MD5_CATALOG_MATCH_BYTES_UNAVAILABLE,6cbfa0e1-3225-465e-9d26-f516850041fe,,6cbfa0e1-3225-465e-9d26-f516850041fe,1c7f211d8609083bd36d29fd2fdaffee,1,956,0,,ShukrulloBerdizamini,29ad5c2eb6d0ae460d8ee8644642153034db55ff0edf13b3ec31847017518657,48,47,6.289999961853027,URL_PATH_MATCH,OK,1787001050,1787001380,49,48,330.6,3307,1660,655.5,6.199999809265137,6.199999809265137,v4-parse-1
688530993,1581F574B235W00100Q5,2026-08-17 22:27:28,2026-08-17 22:33:40,2026-08-18,9853.0,9853.0,9846.666488796473,,RAW_CORROBORATED_QUALIFIED,MEDIUM,PROVISIONAL,"[""COUNTER_LEADING_OMISSION"", ""LIST_FROM_MUTABLE_RAW_JSON""]",PRESENT,INFORMATIVE,dji-area-evidence-2026-09-08-final-1-impl-3,64,98724414d8855f5f2c561332d09660c72073cea0708b3d9404d5f08e7131bb8b,TIER2_STRONG,PLAIN_MD5_CATALOG_MATCH_BYTES_UNAVAILABLE,84b553f3-6812-440b-a59f-61b59c0f7332,,84b553f3-6812-440b-a59f-61b59c0f7332,5936e0a4bc160fc03c62ba72423bfa1b,1,957,0,,ShukrulloBerdizamini,407c24d4cf09dfb3f241a90a7c85ed2c50a17d8d2505115f16c5cd67c07f7e61,78,77,6.309999942779541,URL_PATH_MATCH,OK,1787005648,1787006020,64,78,372.8,3729,2790,1554.8,6.300000190734863,6.300000190734863,v4-parse-1
688540927,1581F574B235W00100Q5,2026-08-17 22:38:59,2026-08-17 22:45:28,2026-08-18,9813.0,9813.0,9833.333486070234,,RAW_CORROBORATED_QUALIFIED,MEDIUM,PROVISIONAL,"[""COUNTER_LEADING_OMISSION"", ""LIST_FROM_MUTABLE_RAW_JSON""]",PRESENT,INFORMATIVE,dji-area-evidence-2026-09-08-final-1-impl-3,70,36af006158efabb73a1155f8f7c1037e8f645cde4be9bd4c9ec796a309fae4ad,TIER2_STRONG,PLAIN_MD5_CATALOG_MATCH_BYTES_UNAVAILABLE,84b553f3-6812-440b-a59f-61b59c0f7332,,84b553f3-6812-440b-a59f-61b59c0f7332,5936e0a4bc160fc03c62ba72423bfa1b,1,957,0,,ShukrulloBerdizamini,407c24d4cf09dfb3f241a90a7c85ed2c50a17d8d2505115f16c5cd67c07f7e61,84,83,6.309999942779541,URL_PATH_MATCH,OK,1787006339,1787006728,70,84,389.1,3892,2820,1546.6,6.300000190734863,6.300000190734863,v4-parse-1
688551463,1581F574B235W00100Q5,2026-08-17 22:50:52,2026-08-17 22:57:35,2026-08-18,9573.0,9573.0,9593.333079169193,,RAW_CORROBORATED_QUALIFIED,MEDIUM,PROVISIONAL,"[""COUNTER_LEADING_OMISSION"", ""LIST_FROM_MUTABLE_RAW_JSON""]",PRESENT,INFORMATIVE,dji-area-evidence-2026-09-08-final-1-impl-3,73,6b4154ca4d472da6990fe7319eb07e9af4149ae8978460689a9ec8d4f435fafb,TIER2_STRONG,PLAIN_MD5_CATALOG_MATCH_BYTES_UNAVAILABLE,84b553f3-6812-440b-a59f-61b59c0f7332,,84b553f3-6812-440b-a59f-61b59c0f7332,5936e0a4bc160fc03c62ba72423bfa1b,1,957,0,,ShukrulloBerdizamini,407c24d4cf09dfb3f241a90a7c85ed2c50a17d8d2505115f16c5cd67c07f7e61,93,92,6.309999942779541,URL_PATH_MATCH,OK,1787007052,1787007455,73,93,403.8,4039,2740,1503.9,6.300000190734863,6.300000190734863,v4-parse-1
688562465,1581F574B235W00100Q5,2026-08-17 23:01:40,2026-08-17 23:08:52,2026-08-18,10106.0,10106.0,10093.333384642998,,RAW_CORROBORATED_QUALIFIED,MEDIUM,PROVISIONAL,"[""COUNTER_LEADING_OMISSION"", ""LIST_FROM_MUTABLE_RAW_JSON""]",PRESENT,INFORMATIVE,dji-area-evidence-2026-09-08-final-1-impl-3,76,d1786da3ed533743ace112a846f2f5a453a3ececa2d312b21598b3e944cebb00,TIER2_STRONG,PLAIN_MD5_CATALOG_MATCH_BYTES_UNAVAILABLE,84b553f3-6812-440b-a59f-61b59c0f7332,,84b553f3-6812-440b-a59f-61b59c0f7332,5936e0a4bc160fc03c62ba72423bfa1b,1,957,0,,ShukrulloBerdizamini,407c24d4cf09dfb3f241a90a7c85ed2c50a17d8d2505115f16c5cd67c07f7e61,102,101,6.309999942779541,URL_PATH_MATCH,OK,1787007700,1787008132,76,102,432.5,4326,2894,1593.3,6.300000190734863,6.300000190734863,v4-parse-1
688575000,1581F574B235W00100Q5,2026-08-17 23:13:15,2026-08-17 23:20:29,2026-08-18,9926.0,9926.0,9940.00005101164,,RAW_CORROBORATED_QUALIFIED,MEDIUM,PROVISIONAL,"[""COUNTER_LEADING_OMISSION"", ""LIST_FROM_MUTABLE_RAW_JSON""]",PRESENT,INFORMATIVE,dji-area-evidence-2026-09-08-final-1-impl-3,80,e5d24f168b663883a8fe1d327e01207187928fcb37c9f7f4cdd671c52ea665e3,TIER2_STRONG,PLAIN_MD5_CATALOG_MATCH_BYTES_UNAVAILABLE,84b553f3-6812-440b-a59f-61b59c0f7332,,84b553f3-6812-440b-a59f-61b59c0f7332,5936e0a4bc160fc03c62ba72423bfa1b,1,957,0,,ShukrulloBerdizamini,407c24d4cf09dfb3f241a90a7c85ed2c50a17d8d2505115f16c5cd67c07f7e61,108,107,6.309999942779541,URL_PATH_MATCH,OK,1787008395,1787008829,80,108,434.7,4348,2814,1567.7,6.300000190734863,6.300000190734863,v4-parse-1
688588184,1581F574B235W00100Q5,2026-08-17 23:25:09,2026-08-17 23:32:54,2026-08-18,9880.0,9880.0,9873.333282768726,,RAW_CORROBORATED_QUALIFIED,MEDIUM,PROVISIONAL,"[""COUNTER_LEADING_OMISSION"", ""LIST_FROM_MUTABLE_RAW_JSON""]",PRESENT,INFORMATIVE,dji-area-evidence-2026-09-08-final-1-impl-3,83,b769dd273adc04034d69b2db0121ac172e121a1d0613c13780ddeae0b8140148,TIER2_STRONG,PLAIN_MD5_CATALOG_MATCH_BYTES_UNAVAILABLE,84b553f3-6812-440b-a59f-61b59c0f7332,,84b553f3-6812-440b-a59f-61b59c0f7332,5936e0a4bc160fc03c62ba72423bfa1b,1,957,0,,ShukrulloBerdizamini,407c24d4cf09dfb3f241a90a7c85ed2c50a17d8d2505115f16c5cd67c07f7e61,114,113,6.309999942779541,URL_PATH_MATCH,OK,1787009109,1787009574,83,114,465.0,4651,2800,1558.3,6.300000190734863,6.300000190734863,v4-parse-1
688597204,1581F574B235W00100Q5,2026-08-17 23:36:25,2026-08-17 23:40:25,2026-08-18,2733.0,2733.0,2759.9998985727625,,RAW_CORROBORATED_QUALIFIED,MEDIUM,PROVISIONAL,"[""COUNTER_LEADING_OMISSION"", ""LIST_FROM_MUTABLE_RAW_JSON""]",PRESENT,INFORMATIVE,dji-area-evidence-2026-09-08-final-1-impl-3,86,a00b48ee5f6d904dfb748db372f3d666adb27c88a162aa5644d6a8a909249549,TIER2_STRONG,PLAIN_MD5_CATALOG_MATCH_BYTES_UNAVAILABLE,84b553f3-6812-440b-a59f-61b59c0f7332,,84b553f3-6812-440b-a59f-61b59c0f7332,5936e0a4bc160fc03c62ba72423bfa1b,1,957,0,,ShukrulloBerdizamini,407c24d4cf09dfb3f241a90a7c85ed2c50a17d8d2505115f16c5cd67c07f7e61,120,119,6.309999942779541,URL_PATH_MATCH,OK,1787009785,1787010025,86,120,240.1,2402,956,448.3,6.300000190734863,6.300000190734863,v4-parse-1
689285659,1581F574B235W00100Q5,2026-08-18 16:56:17,2026-08-18 17:03:29,2026-08-18,9913.0,9913.0,9926.66656523943,,RAW_CORROBORATED_QUALIFIED,MEDIUM,PROVISIONAL,"[""COUNTER_LEADING_OMISSION"", ""LIST_FROM_MUTABLE_RAW_JSON""]",PRESENT,INFORMATIVE,dji-area-evidence-2026-09-08-final-1-impl-3,176,c8cc0f9fa850432f14edb129d8dbd06d588ab890ba76b7fb0992e6ff87d74371,TIER2_STRONG,PLAIN_MD5_CATALOG_MATCH_BYTES_UNAVAILABLE,e4031958-c11d-46fa-8971-0e75929126c6,,e4031958-c11d-46fa-8971-0e75929126c6,0c7e02caf9e12a43541a8422b71b13aa,1,958,0,,AliMirzozamini,f0d52e2bc6609fc9d6a246ffe654fa95a78cd554944a3400d51a3cee5751bbfb,434,433,6.28000020980835,URL_PATH_MATCH,OK,1787072177,1787072609,176,434,431.9,4320,2898,1576.8,6.199999809265137,6.199999809265137,v4-parse-1
689288257,1581F574B235W00100Q5,2026-08-18 17:06:07,2026-08-18 17:12:52,2026-08-18,9966.0,9966.0,9980.000000447035,,RAW_CORROBORATED_QUALIFIED,MEDIUM,PROVISIONAL,"[""COUNTER_LEADING_OMISSION"", ""LIST_FROM_MUTABLE_RAW_JSON""]",PRESENT,INFORMATIVE,dji-area-evidence-2026-09-08-final-1-impl-3,182,10027dbffd73594d15791f3a9842113b9cd948d48314c499cf6fe570cacaf61d,TIER2_STRONG,PLAIN_MD5_CATALOG_MATCH_BYTES_UNAVAILABLE,e4031958-c11d-46fa-8971-0e75929126c6,,e4031958-c11d-46fa-8971-0e75929126c6,0c7e02caf9e12a43541a8422b71b13aa,1,958,0,,AliMirzozamini,f0d52e2bc6609fc9d6a246ffe654fa95a78cd554944a3400d51a3cee5751bbfb,440,439,6.28000020980835,URL_PATH_MATCH,OK,1787072767,1787073172,182,440,405.3,4054,2844,1585.1,6.199999809265137,6.199999809265137,v4-parse-1
689292637,1581F574B235W00100Q5,2026-08-18 17:17:09,2026-08-18 17:26:00,2026-08-18,10020.0,10020.0,10033.33361322681,,RAW_CORROBORATED_QUALIFIED,MEDIUM,PROVISIONAL,"[""COUNTER_LEADING_OMISSION"", ""LIST_FROM_MUTABLE_RAW_JSON""]",PRESENT,INFORMATIVE,dji-area-evidence-2026-09-08-final-1-impl-3,188,f793317aee0fc0f8722566c3205304308da97b88f0840307219224a189474093,TIER2_STRONG,PLAIN_MD5_CATALOG_MATCH_BYTES_UNAVAILABLE,e4031958-c11d-46fa-8971-0e75929126c6,,e4031958-c11d-46fa-8971-0e75929126c6,0c7e02caf9e12a43541a8422b71b13aa,1,958,0,,AliMirzozamini,f0d52e2bc6609fc9d6a246ffe654fa95a78cd554944a3400d51a3cee5751bbfb,455,454,6.28000020980835,URL_PATH_MATCH,OK,1787073429,1787073960,188,455,531.5,5316,3172,1580.4,6.199999809265137,6.199999809265137,v4-parse-1
689294880,1581F574B235W00100Q5,2026-08-18 17:27:49,2026-08-18 17:35:08,2026-08-18,10033.0,10033.0,10039.99979669849,,RAW_CORROBORATED_QUALIFIED,MEDIUM,PROVISIONAL,"[""COUNTER_LEADING_OMISSION"", ""LIST_FROM_MUTABLE_RAW_JSON""]",PRESENT,INFORMATIVE,dji-area-evidence-2026-09-08-final-1-impl-3,194,63945b5656c81aec89cb772b49d6f9a5988066c61330b04ce758924fe9eabd91,TIER2_STRONG,PLAIN_MD5_CATALOG_MATCH_BYTES_UNAVAILABLE,e4031958-c11d-46fa-8971-0e75929126c6,,e4031958-c11d-46fa-8971-0e75929126c6,0c7e02caf9e12a43541a8422b71b13aa,1,958,0,,AliMirzozamini,f0d52e2bc6609fc9d6a246ffe654fa95a78cd554944a3400d51a3cee5751bbfb,461,460,6.28000020980835,URL_PATH_MATCH,OK,1787074069,1787074508,194,461,439.5,4396,2888,1587.1,6.199999809265137,6.199999809265137,v4-parse-1
689299532,1581F574B235W00100Q5,2026-08-18 17:40:10,2026-08-18 17:48:33,2026-08-18,8780.0,8780.0,8806.666844834883,,RAW_CORROBORATED_QUALIFIED,MEDIUM,PROVISIONAL,"[""COUNTER_LEADING_OMISSION"", ""LIST_FROM_MUTABLE_RAW_JSON""]",PRESENT,INFORMATIVE,dji-area-evidence-2026-09-08-final-1-impl-3,200,376eb43fc4d1655ce9631d114f91d563ec8dbee7973452cb2eca882770125933,TIER2_STRONG,PLAIN_MD5_CATALOG_MATCH_BYTES_UNAVAILABLE,e4031958-c11d-46fa-8971-0e75929126c6,,e4031958-c11d-46fa-8971-0e75929126c6,0c7e02caf9e12a43541a8422b71b13aa,1,958,0,,AliMirzozamini,f0d52e2bc6609fc9d6a246ffe654fa95a78cd554944a3400d51a3cee5751bbfb,476,475,6.28000020980835,URL_PATH_MATCH,OK,1787074810,1787075313,200,476,502.9,5030,3108,1407.6,6.199999809265137,6.199999809265137,v4-parse-1
689301846,1581F574B235W00100Q5,2026-08-18 17:50:51,2026-08-18 17:54:56,2026-08-18,0.0,,,,CHANNEL_MISSING,UNKNOWN,UNRESOLVED,"[""AREA_CHANNEL_ABSENT"", ""LIST_FROM_MUTABLE_RAW_JSON""]",NOT_OBSERVED,INFORMATIVE,dji-area-evidence-2026-09-08-final-1-impl-3,205,29558903a469a7c6366a8345e43842516b7f5c0dd0ecda068466148e49c67fa5,TIER5_UNKNOWN,MANUAL_NO_KEY,,,,,,,0,,,00f94703e33d40ab95ca31ca4460bc4e4f0080ce6bf336aa14a4c9ff2b4235f9,482,481,,URL_PATH_MATCH,OK,1787075451,1787075696,205,482,245.6,2457,0,0.0,,,v4-parse-1
689306078,1581F574B235W00100Q5,2026-08-18 18:04:22,2026-08-18 18:11:16,2026-08-18,9946.0,9946.0,9953.333053737879,,RAW_CORROBORATED_QUALIFIED,MEDIUM,PROVISIONAL,"[""COUNTER_LEADING_OMISSION"", ""LIST_FROM_MUTABLE_RAW_JSON""]",PRESENT,INFORMATIVE,dji-area-evidence-2026-09-08-final-1-impl-3,210,e7c18a9095aadebeb53ea1d0b550cfe45bb4691dc1f6572ddb7d4a4c0905bec3,TIER2_STRONG,PLAIN_MD5_CATALOG_MATCH_BYTES_UNAVAILABLE,e0098beb-7925-4621-8984-b0515c676dea,,e0098beb-7925-4621-8984-b0515c676dea,8276c36a3cd4c0836e0f5d8b41e97ab2,1,959,0,,AliMirzozamini,16442f542d7a57cf695ebbf5da864f0f265d0690069788677556be2f6eb43006,497,496,6.360000133514404,URL_PATH_MATCH,OK,1787076262,1787076676,210,497,414.1,4142,2690,1563.2,6.300000190734863,6.300000190734863,v4-parse-1
689308041,1581F574B235W00100Q5,2026-08-18 18:13:45,2026-08-18 18:20:40,2026-08-18,10073.0,10073.0,10073.3334099253,,RAW_CORROBORATED_QUALIFIED,MEDIUM,PROVISIONAL,"[""COUNTER_LEADING_OMISSION"", ""LIST_FROM_MUTABLE_RAW_JSON""]",PRESENT,INFORMATIVE,dji-area-evidence-2026-09-08-final-1-impl-3,212,d361c668bf25441ecb2c9c2d4203dcbd1cc2e1cd2068d4d61dc14db489593827,TIER2_STRONG,PLAIN_MD5_CATALOG_MATCH_BYTES_UNAVAILABLE,e0098beb-7925-4621-8984-b0515c676dea,,e0098beb-7925-4621-8984-b0515c676dea,8276c36a3cd4c0836e0f5d8b41e97ab2,1,959,0,,AliMirzozamini,16442f542d7a57cf695ebbf5da864f0f265d0690069788677556be2f6eb43006,506,505,6.360000133514404,URL_PATH_MATCH,OK,1787076825,1787077240,212,506,415.7,4158,2726,1584.7,6.300000190734863,6.300000190734863,v4-parse-1
689310231,1581F574B235W00100Q5,2026-08-18 18:23:20,2026-08-18 18:30:12,2026-08-18,9766.0,9766.0,9773.333537081877,,RAW_CORROBORATED_QUALIFIED,MEDIUM,PROVISIONAL,"[""COUNTER_LEADING_OMISSION"", ""LIST_FROM_MUTABLE_RAW_JSON""]",PRESENT,INFORMATIVE,dji-area-evidence-2026-09-08-final-1-impl-3,215,65b389134bde7d90e2e24cd440de028c375362ffebcb1b83727caf29286048be,TIER2_STRONG,PLAIN_MD5_CATALOG_MATCH_BYTES_UNAVAILABLE,e0098beb-7925-4621-8984-b0515c676dea,,e0098beb-7925-4621-8984-b0515c676dea,8276c36a3cd4c0836e0f5d8b41e97ab2,1,959,0,,AliMirzozamini,16442f542d7a57cf695ebbf5da864f0f265d0690069788677556be2f6eb43006,551,550,6.360000133514404,URL_PATH_MATCH,OK,1787077400,1787077812,215,551,412.4,4125,2650,1538.9,6.300000190734863,6.300000190734863,v4-parse-1
689313066,1581F574B235W00100Q5,2026-08-18 18:35:07,2026-08-18 18:43:10,2026-08-18,9946.0,9946.0,9926.666717976332,,RAW_CORROBORATED_QUALIFIED,MEDIUM,PROVISIONAL,"[""COUNTER_LEADING_OMISSION"", ""LIST_FROM_MUTABLE_RAW_JSON""]",PRESENT,INFORMATIVE,dji-area-evidence-2026-09-08-final-1-impl-3,218,cb4eceebe4e3b7a8e1d56ba892017769d1bcffbef8992a13671434fc9f3f4286,TIER2_STRONG,PLAIN_MD5_CATALOG_MATCH_BYTES_UNAVAILABLE,e0098beb-7925-4621-8984-b0515c676dea,,e0098beb-7925-4621-8984-b0515c676dea,8276c36a3cd4c0836e0f5d8b41e97ab2,1,959,0,,AliMirzozamini,16442f542d7a57cf695ebbf5da864f0f265d0690069788677556be2f6eb43006,557,556,6.360000133514404,URL_PATH_MATCH,OK,1787078107,1787078590,218,557,482.9,4830,2788,1554.2,6.300000190734863,6.300000190734863,v4-parse-1
689316557,1581F574B235W00100Q5,2026-08-18 18:46:19,2026-08-18 18:55:33,2026-08-18,9153.0,9153.0,9139.999695122242,,RAW_CORROBORATED_QUALIFIED,MEDIUM,PROVISIONAL,"[""COUNTER_LEADING_OMISSION"", ""LIST_FROM_MUTABLE_RAW_JSON""]",PRESENT,INFORMATIVE,dji-area-evidence-2026-09-08-final-1-impl-3,221,de5d886591b0ac6c1262b83049cc83e1300bb233d1aae9b7ee1cb987686cf690,TIER2_STRONG,PLAIN_MD5_CATALOG_MATCH_BYTES_UNAVAILABLE,e0098beb-7925-4621-8984-b0515c676dea,,e0098beb-7925-4621-8984-b0515c676dea,8276c36a3cd4c0836e0f5d8b41e97ab2,1,959,0,,AliMirzozamini,16442f542d7a57cf695ebbf5da864f0f265d0690069788677556be2f6eb43006,563,562,6.360000133514404,URL_PATH_MATCH,OK,1787078779,1787079333,221,563,554.2,5543,2866,1405.4,6.300000190734863,6.300000190734863,v4-parse-1
689319791,1581F574B235W00100Q5,2026-08-18 18:58:15,2026-08-18 19:06:19,2026-08-18,6680.0,6680.0,6666.6669721404705,,RAW_CORROBORATED_QUALIFIED,MEDIUM,PROVISIONAL,"[""COUNTER_LEADING_OMISSION"", ""LIST_FROM_MUTABLE_RAW_JSON""]",PRESENT,INFORMATIVE,dji-area-evidence-2026-09-08-final-1-impl-3,224,89980a448cfdd1bc7e9e3ef3203be704c06ac161b83bf064f81711bcd65e6e01,TIER2_STRONG,PLAIN_MD5_CATALOG_MATCH_BYTES_UNAVAILABLE,e0098beb-7925-4621-8984-b0515c676dea,,e0098beb-7925-4621-8984-b0515c676dea,8276c36a3cd4c0836e0f5d8b41e97ab2,1,959,0,,AliMirzozamini,16442f542d7a57cf695ebbf5da864f0f265d0690069788677556be2f6eb43006,575,574,6.360000133514404,URL_PATH_MATCH,OK,1787079495,1787079979,224,575,484.4,4845,2638,1235.7,6.300000190734863,6.300000190734863,v4-parse-1
688454966,1581F574B2387001009R,2026-08-17 19:30:53,2026-08-17 19:38:39,2026-08-18,8546.0,8546.0,8539.99979669849,,RAW_CORROBORATED_QUALIFIED,MEDIUM,PROVISIONAL,"[""COUNTER_LEADING_OMISSION"", ""LIST_FROM_MUTABLE_RAW_JSON""]",PRESENT,INFORMATIVE,dji-area-evidence-2026-09-08-final-1-impl-3,11,6581743083e1ae1e40a5120eb58e40bbc493dd2f62e3280770bf229c0d4f00b8,TIER2_STRONG,PLAIN_MD5_CATALOG_MATCH_BYTES_UNAVAILABLE,13807304-d871-4314-b10f-3dfa47f182c7,,13807304-d871-4314-b10f-3dfa47f182c7,f322ed11006c691ee87fad5f46130aa6,1,1166,0,,Alibek botirov 19,ffe5701939002f5339bc7942cf0f6260e14273564113ffba50ec97fb75192fdd,624,623,6.070000171661377,URL_PATH_MATCH,OK,1786995053,1786995519,11,624,466.5,4666,2436,1398.7,6.0,6.0,v4-parse-1
688458283,1581F574B2387001009R,2026-08-17 19:42:29,2026-08-17 19:50:26,2026-08-18,8480.0,8480.0,8460.00017846624,,RAW_CORROBORATED_QUALIFIED,MEDIUM,PROVISIONAL,"[""COUNTER_LEADING_OMISSION"", ""LIST_FROM_MUTABLE_RAW_JSON""]",PRESENT,INFORMATIVE,dji-area-evidence-2026-09-08-final-1-impl-3,14,7c090bf18cf89a0d6166ca4f88601b4d8011fe57738a66fe07c32324a69789a3,TIER2_STRONG,PLAIN_MD5_CATALOG_MATCH_BYTES_UNAVAILABLE,13807304-d871-4314-b10f-3dfa47f182c7,,13807304-d871-4314-b10f-3dfa47f182c7,f322ed11006c691ee87fad5f46130aa6,1,1166,0,,Alibek botirov 19,ffe5701939002f5339bc7942cf0f6260e14273564113ffba50ec97fb75192fdd,640,639,6.070000171661377,URL_PATH_MATCH,OK,1786995749,1786996226,14,640,477.8,4779,2481,1387.3,6.0,6.0,v4-parse-1
688460771,1581F574B2387001009R,2026-08-17 19:53:30,2026-08-17 19:59:48,2026-08-18,8386.0,8386.0,8366.66661625107,,RAW_CORROBORATED_QUALIFIED,MEDIUM,PROVISIONAL,"[""COUNTER_LEADING_OMISSION"", ""LIST_FROM_MUTABLE_RAW_JSON""]",PRESENT,INFORMATIVE,dji-area-evidence-2026-09-08-final-1-impl-3,18,0b37518037ba2da87e2aa8ef00c4f8c48eee184f7abf220d8af8aa766b62912e,TIER2_STRONG,PLAIN_MD5_CATALOG_MATCH_BYTES_UNAVAILABLE,13807304-d871-4314-b10f-3dfa47f182c7,,13807304-d871-4314-b10f-3dfa47f182c7,f322ed11006c691ee87fad5f46130aa6,1,1166,0,,Alibek botirov 19,ffe5701939002f5339bc7942cf0f6260e14273564113ffba50ec97fb75192fdd,652,651,6.070000171661377,URL_PATH_MATCH,OK,1786996410,1786996788,18,652,378.6,3787,2658,1401.5,6.0,6.0,v4-parse-1
688460773,1581F574B2387001009R,2026-08-17 19:59:48,2026-08-17 19:59:59,2026-08-18,0.0,0.0,0.0,0.0,COUNTER_ZERO,HIGH,CERTIFIED,"[""LIST_FROM_MUTABLE_RAW_JSON""]",PRESENT,INFORMATIVE,dji-area-evidence-2026-09-08-final-1-impl-3,20,9e90c854596a4a857a9481dacdc35079883473e8e92565c478b251a710c8ef86,TIER5_UNKNOWN,MANUAL_NO_KEY,,,,,,,0,,,00f94703e33d40ab95ca31ca4460bc4e4f0080ce6bf336aa14a4c9ff2b4235f9,656,655,,URL_PATH_MATCH,OK,1786996788,1786996799,20,656,10.8,109,23,0.0,6.0,8.0,v4-parse-1
688460774,1581F574B2387001009R,2026-08-17 19:59:59,2026-08-17 20:01:26,2026-08-18,8386.0,0.0,0.0,0.0,COUNTER_FLAT_RAW_OVERSTATED,HIGH,CERTIFIED,"[""STRUCTURAL_RETAINED_CANDIDATE"", ""RETAINED_SCALAR_SOURCE_MATCH"", ""LIST_FROM_MUTABLE_RAW_JSON""]",NOT_OBSERVED,INFORMATIVE,dji-area-evidence-2026-09-08-final-1-impl-3,21,4f2b56bab2adcd45255f56edf130c096b5aa383bfc34547afa16e1c1e914552b,TIER5_UNKNOWN,AUTO_NO_KEY,,,,,,,0,,,00f94703e33d40ab95ca31ca4460bc4e4f0080ce6bf336aa14a4c9ff2b4235f9,660,659,,URL_PATH_MATCH,OK,1786996799,1786996886,21,660,86.8,869,0,0.0,6.0,8.0,v4-parse-1
688464465,1581F574B2387001009R,2026-08-17 20:08:26,2026-08-17 20:15:38,2026-08-18,10013.0,10013.0,10006.666971991459,,RAW_CORROBORATED_QUALIFIED,MEDIUM,PROVISIONAL,"[""COUNTER_LEADING_OMISSION"", ""LIST_FROM_MUTABLE_RAW_JSON""]",PRESENT,INFORMATIVE,dji-area-evidence-2026-09-08-final-1-impl-3,25,9db60dedbada1471ef2fdd05b4b8c0846c85e9487b91a301344146f7945b7a21,TIER2_STRONG,PLAIN_MD5_CATALOG_MATCH_BYTES_UNAVAILABLE,d2cecf61-710c-4845-a59c-f8e462a7133f,,d2cecf61-710c-4845-a59c-f8e462a7133f,67fce0d495d8dd870ef94cdfed3d3ceb,1,1168,0,,Alibek botirov 19,fc9b71dce2b8a2fb4e221f934c517bdbed306fd9ec617b680b24b534374475db,676,675,6.269999980926514,URL_PATH_MATCH,OK,1786997306,1786997738,25,676,432.7,4328,2744,1590.4,6.199999809265137,6.199999809265137,v4-parse-1
688468130,1581F574B2387001009R,2026-08-17 20:19:31,2026-08-17 20:27:56,2026-08-18,9573.0,9573.0,9566.666437933842,,RAW_CORROBORATED_QUALIFIED,MEDIUM,PROVISIONAL,"[""COUNTER_LEADING_OMISSION"", ""LIST_FROM_MUTABLE_RAW_JSON""]",PRESENT,INFORMATIVE,dji-area-evidence-2026-09-08-final-1-impl-3,29,f6a6a5db97ac07790bd399ad566d5d22c0a0bb166d10738f9d52733a123c202c,TIER2_STRONG,PLAIN_MD5_CATALOG_MATCH_BYTES_UNAVAILABLE,d2cecf61-710c-4845-a59c-f8e462a7133f,,d2cecf61-710c-4845-a59c-f8e462a7133f,67fce0d495d8dd870ef94cdfed3d3ceb,1,1168,0,,Alibek botirov 19,fc9b71dce2b8a2fb4e221f934c517bdbed306fd9ec617b680b24b534374475db,3,2,6.269999980926514,URL_PATH_MATCH,OK,1786997971,1786998476,29,3,505.5,5056,2698,1524.5,6.199999809265137,6.199999809265137,v4-parse-1
688471422,1581F574B2387001009R,2026-08-17 20:30:48,2026-08-17 20:37:59,2026-08-18,8613.0,8613.0,8600.000051160652,,RAW_CORROBORATED_QUALIFIED,MEDIUM,PROVISIONAL,"[""COUNTER_LEADING_OMISSION"", ""LIST_FROM_MUTABLE_RAW_JSON""]",PRESENT,INFORMATIVE,dji-area-evidence-2026-09-08-final-1-impl-3,33,cb28933b12a06e0ba1eb499f3cc95d5a7cabc2d65e0ee56abb03d48ff7f84a62,TIER2_STRONG,PLAIN_MD5_CATALOG_MATCH_BYTES_UNAVAILABLE,d2cecf61-710c-4845-a59c-f8e462a7133f,,d2cecf61-710c-4845-a59c-f8e462a7133f,67fce0d495d8dd870ef94cdfed3d3ceb,1,1168,0,,Alibek botirov 19,fc9b71dce2b8a2fb4e221f934c517bdbed306fd9ec617b680b24b534374475db,9,8,6.269999980926514,URL_PATH_MATCH,OK,1786998648,1786999079,33,9,431.8,4319,2448,1365.9,6.199999809265137,6.199999809265137,v4-parse-1
688475257,1581F574B2387001009R,2026-08-17 20:41:11,2026-08-17 20:47:27,2026-08-18,8160.0,8160.0,8153.333180894454,,RAW_CORROBORATED_QUALIFIED,MEDIUM,PROVISIONAL,"[""COUNTER_LEADING_OMISSION"", ""LIST_FROM_MUTABLE_RAW_JSON""]",PRESENT,INFORMATIVE,dji-area-evidence-2026-09-08-final-1-impl-3,39,10adb2fad0dfff38981b861b64db58a5926f8f09a28cc58513aa266927466aae,TIER2_STRONG,PLAIN_MD5_CATALOG_MATCH_BYTES_UNAVAILABLE,d2cecf61-710c-4845-a59c-f8e462a7133f,,d2cecf61-710c-4845-a59c-f8e462a7133f,67fce0d495d8dd870ef94cdfed3d3ceb,1,1168,0,,Alibek botirov 19,fc9b71dce2b8a2fb4e221f934c517bdbed306fd9ec617b680b24b534374475db,27,26,6.269999980926514,URL_PATH_MATCH,OK,1786999271,1786999647,39,27,376.4,3765,2711,1327.9,6.199999809265137,6.199999809265137,v4-parse-1
688475258,1581F574B2387001009R,2026-08-17 20:47:27,2026-08-17 20:47:36,2026-08-18,46.0,46.0,46.66709899902344,46.66709899902344,RAW_CORROBORATED,HIGH,CERTIFIED,"[""LIST_FROM_MUTABLE_RAW_JSON""]",PRESENT,INFORMATIVE,dji-area-evidence-2026-09-08-final-1-impl-3,41,fac9897c787efd9a7a84f6a030004c2f0ceaac59d6aa24168ee860784a6cdc68,TIER5_UNKNOWN,MANUAL_NO_KEY,,,,,,,0,,,00f94703e33d40ab95ca31ca4460bc4e4f0080ce6bf336aa14a4c9ff2b4235f9,30,29,,URL_PATH_MATCH,OK,1786999647,1786999656,41,30,8.8,89,40,6.4,6.199999809265137,8.0,v4-parse-1
688475262,1581F574B2387001009R,2026-08-17 20:47:36,2026-08-17 20:48:47,2026-08-18,8160.0,0.0,0.0,0.0,COUNTER_FLAT_RAW_OVERSTATED,HIGH,CERTIFIED,"[""STRUCTURAL_RETAINED_CANDIDATE"", ""RETAINED_SCALAR_SOURCE_MATCH"", ""LIST_FROM_MUTABLE_RAW_JSON""]",NOT_OBSERVED,INFORMATIVE,dji-area-evidence-2026-09-08-final-1-impl-3,42,7351069fa888fe5eb8798714aed9c4131a0b260f154a72a87c7e9b7dd3ff409c,TIER5_UNKNOWN,AUTO_NO_KEY,,,,,,,0,,,00f94703e33d40ab95ca31ca4460bc4e4f0080ce6bf336aa14a4c9ff2b4235f9,33,32,,URL_PATH_MATCH,OK,1786999656,1786999727,42,33,70.9,710,0,0.0,6.199999809265137,8.0,v4-parse-1
688480071,1581F574B2387001009R,2026-08-17 20:52:23,2026-08-17 20:59:14,2026-08-18,10440.0,10440.0,10433.333231757084,,RAW_CORROBORATED_QUALIFIED,MEDIUM,PROVISIONAL,"[""COUNTER_LEADING_OMISSION"", ""LIST_FROM_MUTABLE_RAW_JSON""]",PRESENT,INFORMATIVE,dji-area-evidence-2026-09-08-final-1-impl-3,44,e3f531040649d44aae7dc533427a056a9c8e9c52e324aa512768acfeb17f2881,TIER2_STRONG,PLAIN_MD5_CATALOG_MATCH_BYTES_UNAVAILABLE,844497da-755f-420f-b0ec-137da147b980,,844497da-755f-420f-b0ec-137da147b980,0795c839d35df83cc7d16158677c3cca,1,1167,0,,Alibek botirov 19,8aead5b55ed7e855a3060333cd2242142a17523c88a23864f2a572ae454a170c,39,38,6.269999980926514,URL_PATH_MATCH,OK,1786999943,1787000354,44,39,411.7,4118,2814,1662.9,6.199999809265137,6.199999809265137,v4-parse-1
688484940,1581F574B2387001009R,2026-08-17 21:02:20,2026-08-17 21:09:19,2026-08-18,10526.0,10526.0,10519.999974717695,,RAW_CORROBORATED_QUALIFIED,MEDIUM,PROVISIONAL,"[""COUNTER_LEADING_OMISSION"", ""LIST_FROM_MUTABLE_RAW_JSON""]",PRESENT,INFORMATIVE,dji-area-evidence-2026-09-08-final-1-impl-3,47,d5ae38d3e6b0db10ba7d08a9b1dc2549e3e5e0a771cd1c52687612dcdbebeba6,TIER2_STRONG,PLAIN_MD5_CATALOG_MATCH_BYTES_UNAVAILABLE,844497da-755f-420f-b0ec-137da147b980,,844497da-755f-420f-b0ec-137da147b980,0795c839d35df83cc7d16158677c3cca,1,1167,0,,Alibek botirov 19,8aead5b55ed7e855a3060333cd2242142a17523c88a23864f2a572ae454a170c,45,44,6.269999980926514,URL_PATH_MATCH,OK,1787000540,1787000959,47,45,419.8,4199,2826,1668.8,6.199999809265137,6.199999809265137,v4-parse-1
688490280,1581F574B2387001009R,2026-08-17 21:12:22,2026-08-17 21:21:08,2026-08-18,9880.0,9880.0,9866.666463514168,,RAW_CORROBORATED_QUALIFIED,MEDIUM,PROVISIONAL,"[""COUNTER_LEADING_OMISSION"", ""LIST_FROM_MUTABLE_RAW_JSON""]",PRESENT,INFORMATIVE,dji-area-evidence-2026-09-08-final-1-impl-3,50,e7b7eb866235e0dfc6158932fa38efe24b318b835814793e39bd1707a79073a3,TIER2_STRONG,PLAIN_MD5_CATALOG_MATCH_BYTES_UNAVAILABLE,844497da-755f-420f-b0ec-137da147b980,,844497da-755f-420f-b0ec-137da147b980,0795c839d35df83cc7d16158677c3cca,1,1167,0,,Alibek botirov 19,8aead5b55ed7e855a3060333cd2242142a17523c88a23864f2a572ae454a170c,51,50,6.269999980926514,URL_PATH_MATCH,OK,1787001142,1787001668,50,51,526.1,5262,3259,1629.2,6.199999809265137,6.199999809265137,v4-parse-1
688496200,1581F574B2387001009R,2026-08-17 21:24:43,2026-08-17 21:33:35,2026-08-18,10126.0,10126.0,10119.999720404545,,RAW_CORROBORATED_QUALIFIED,MEDIUM,PROVISIONAL,"[""COUNTER_LEADING_OMISSION"", ""LIST_FROM_MUTABLE_RAW_JSON""]",PRESENT,INFORMATIVE,dji-area-evidence-2026-09-08-final-1-impl-3,54,0b29380008cdb514000479e09017c09cdc36d64577398d8f1491dd73184acd8e,TIER2_STRONG,PLAIN_MD5_CATALOG_MATCH_BYTES_UNAVAILABLE,6e31ebad-cc23-4241-b8f6-b4efeef55d98,,6e31ebad-cc23-4241-b8f6-b4efeef55d98,00b59502708dc0821a6445daf78d3222,1,1173,0,,Alibek botirov 19,1b0c76d610f7818f7cc2c50a04ce98f7a7322ef64cb3141abe48995d0291fa24,54,53,6.25,URL_PATH_MATCH,OK,1787001883,1787002415,54,54,532.2,5323,2710,1607.8,6.199999809265137,6.199999809265137,v4-parse-1
688502075,1581F574B2387001009R,2026-08-17 21:36:16,2026-08-17 21:45:16,2026-08-18,9660.0,9660.0,9639.999847859144,,RAW_CORROBORATED_QUALIFIED,MEDIUM,PROVISIONAL,"[""COUNTER_LEADING_OMISSION"", ""LIST_FROM_MUTABLE_RAW_JSON""]",PRESENT,INFORMATIVE,dji-area-evidence-2026-09-08-final-1-impl-3,55,7de47c974327d983280cc2129ad8f5df1d7e879b4fe42b18896549799716e66b,TIER2_STRONG,PLAIN_MD5_CATALOG_MATCH_BYTES_UNAVAILABLE,6e31ebad-cc23-4241-b8f6-b4efeef55d98,,6e31ebad-cc23-4241-b8f6-b4efeef55d98,00b59502708dc0821a6445daf78d3222,1,1173,0,,Alibek botirov 19,1b0c76d610f7818f7cc2c50a04ce98f7a7322ef64cb3141abe48995d0291fa24,57,56,6.25,URL_PATH_MATCH,OK,1787002576,1787003116,55,57,540.6,5407,3052,1578.5,6.099999904632568,6.199999809265137,v4-parse-1
688507848,1581F574B2387001009R,2026-08-17 21:49:07,2026-08-17 21:57:22,2026-08-18,10566.0,10566.0,10553.333587944508,,RAW_CORROBORATED_QUALIFIED,MEDIUM,PROVISIONAL,"[""COUNTER_LEADING_OMISSION"", ""LIST_FROM_MUTABLE_RAW_JSON""]",PRESENT,INFORMATIVE,dji-area-evidence-2026-09-08-final-1-impl-3,57,5575b3dfff436f5dae6a818afa224f2cb850fce18bf16fe8a271f4ae6cbd8364,TIER2_STRONG,PLAIN_MD5_CATALOG_MATCH_BYTES_UNAVAILABLE,a69b184d-7109-4005-8f07-8af814c1470a,,a69b184d-7109-4005-8f07-8af814c1470a,ae4c8441afbd9af1642454d644073056,1,1174,0,,Alibek botirov 19,8e82b1f0d0d4651c10b961ca1b20bd7e8cfca9f3f6635fc6a379aeea64a15ade,60,59,6.130000114440918,URL_PATH_MATCH,OK,1787003347,1787003842,57,60,495.8,4959,2989,1712.1,6.099999904632568,6.099999904632568,v4-parse-1
688515728,1581F574B2387001009R,2026-08-17 22:00:20,2026-08-17 22:10:03,2026-08-18,9586.0,9586.0,9566.666743407646,,RAW_CORROBORATED_QUALIFIED,MEDIUM,PROVISIONAL,"[""COUNTER_LEADING_OMISSION"", ""LIST_FROM_MUTABLE_RAW_JSON""]",PRESENT,INFORMATIVE,dji-area-evidence-2026-09-08-final-1-impl-3,59,ce0d7e5f088139347d72d5c700174cfd3016f1a8621d9ff58a0622fb05f68ebb,TIER2_STRONG,PLAIN_MD5_CATALOG_MATCH_BYTES_UNAVAILABLE,a69b184d-7109-4005-8f07-8af814c1470a,,a69b184d-7109-4005-8f07-8af814c1470a,ae4c8441afbd9af1642454d644073056,1,1174,0,,Alibek botirov 19,8e82b1f0d0d4651c10b961ca1b20bd7e8cfca9f3f6635fc6a379aeea64a15ade,63,62,6.130000114440918,URL_PATH_MATCH,OK,1787004020,1787004603,59,63,583.7,5838,3385,1602.3,6.099999904632568,6.099999904632568,v4-parse-1
688521456,1581F574B2387001009R,2026-08-17 22:13:21,2026-08-17 22:20:14,2026-08-18,8606.0,8606.0,8593.333231906096,,RAW_CORROBORATED_QUALIFIED,MEDIUM,PROVISIONAL,"[""COUNTER_LEADING_OMISSION"", ""LIST_FROM_MUTABLE_RAW_JSON""]",PRESENT,INFORMATIVE,dji-area-evidence-2026-09-08-final-1-impl-3,61,59b1f44f57efe297621c0e4007328daeddc47d313d699d6d0712fbbd47987369,TIER2_STRONG,PLAIN_MD5_CATALOG_MATCH_BYTES_UNAVAILABLE,eae4eabe-c8e4-48b8-bdb8-f68189cda1a2,,eae4eabe-c8e4-48b8-bdb8-f68189cda1a2,cc98f53f796309cb8b935e9a00055d3a,1,1175,0,,Alibek,53c7b5ebf5e6e79336f147eb570c71edd03672bd8f4904a2d55d1f2365520cc6,66,65,6.25,URL_PATH_MATCH,OK,1787004801,1787005214,61,66,413.1,4132,2408,1368.7,6.199999809265137,6.199999809265137,v4-parse-1
688528944,1581F574B2387001009R,2026-08-17 22:23:10,2026-08-17 22:29:55,2026-08-18,8733.0,8733.0,8726.666921128828,,RAW_CORROBORATED_QUALIFIED,MEDIUM,PROVISIONAL,"[""COUNTER_LEADING_OMISSION"", ""LIST_FROM_MUTABLE_RAW_JSON""]",PRESENT,INFORMATIVE,dji-area-evidence-2026-09-08-final-1-impl-3,63,e6d922152131b6a53c4c134a650055ab466ee2cbd6bba7b67ece7c2e3d6db585,TIER2_STRONG,PLAIN_MD5_CATALOG_MATCH_BYTES_UNAVAILABLE,eae4eabe-c8e4-48b8-bdb8-f68189cda1a2,,eae4eabe-c8e4-48b8-bdb8-f68189cda1a2,cc98f53f796309cb8b935e9a00055d3a,1,1175,0,,Alibek,53c7b5ebf5e6e79336f147eb570c71edd03672bd8f4904a2d55d1f2365520cc6,69,68,6.25,URL_PATH_MATCH,OK,1787005390,1787005795,63,69,405.4,4055,2936,1424.5,6.199999809265137,6.199999809265137,v4-parse-1
688528945,1581F574B2387001009R,2026-08-17 22:29:55,2026-08-17 22:30:03,2026-08-18,26.0,26.0,26.666641235351562,26.666641235351562,RAW_CORROBORATED,HIGH,CERTIFIED,"[""LIST_FROM_MUTABLE_RAW_JSON""]",PRESENT,INFORMATIVE,dji-area-evidence-2026-09-08-final-1-impl-3,66,f57442472b5cc0b8d22d96bb15eca1d5869115f4b4b0f076742d9f7fcb51ac01,TIER5_UNKNOWN,MANUAL_NO_KEY,,,,,,,0,,,00f94703e33d40ab95ca31ca4460bc4e4f0080ce6bf336aa14a4c9ff2b4235f9,72,71,,URL_PATH_MATCH,OK,1787005795,1787005803,66,72,7.8,79,39,2.5,6.199999809265137,8.0,v4-parse-1
688528946,1581F574B2387001009R,2026-08-17 22:30:03,2026-08-17 22:31:15,2026-08-18,8733.0,0.0,0.0,0.0,COUNTER_FLAT_RAW_OVERSTATED,HIGH,CERTIFIED,"[""STRUCTURAL_RETAINED_CANDIDATE"", ""RETAINED_SCALAR_SOURCE_MATCH"", ""LIST_FROM_MUTABLE_RAW_JSON""]",NOT_OBSERVED,INFORMATIVE,dji-area-evidence-2026-09-08-final-1-impl-3,67,9feb812760c235ae33a3cd27a13896f1621daf9b04c7031099bbef487bbfaf9a,TIER5_UNKNOWN,AUTO_NO_KEY,,,,,,,0,,,00f94703e33d40ab95ca31ca4460bc4e4f0080ce6bf336aa14a4c9ff2b4235f9,75,74,,URL_PATH_MATCH,OK,1787005803,1787005875,67,75,71.5,716,0,0.0,6.099999904632568,8.0,v4-parse-1
688537920,1581F574B2387001009R,2026-08-17 22:34:12,2026-08-17 22:42:08,2026-08-18,9966.0,9966.0,9953.333206474781,,RAW_CORROBORATED_QUALIFIED,MEDIUM,PROVISIONAL,"[""COUNTER_LEADING_OMISSION"", ""LIST_FROM_MUTABLE_RAW_JSON""]",PRESENT,INFORMATIVE,dji-area-evidence-2026-09-08-final-1-impl-3,68,3adb0dbfc709ab326be5a74dbf2e01734ae9d02c40287eccd6eee77ffb9a946f,TIER2_STRONG,PLAIN_MD5_CATALOG_MATCH_BYTES_UNAVAILABLE,07c5a3a8-4aa1-4ced-b3e0-672092e68fc6,,07c5a3a8-4aa1-4ced-b3e0-672092e68fc6,bef134ac4f3fae308ff0715bf677b8a0,1,1170,0,,Alibek botirov 19,316e67dca0e914e4af25752c14984ad804e2cffd1e0e0aa74071520cbfac6022,81,80,6.099999904632568,URL_PATH_MATCH,OK,1787006052,1787006528,68,81,475.9,4760,3058,1629.0,6.099999904632568,6.099999904632568,v4-parse-1
688548587,1581F574B2387001009R,2026-08-17 22:45:57,2026-08-17 22:48:54,2026-08-18,1893.0,1893.0,1886.6666095952191,,RAW_CORROBORATED_QUALIFIED,MEDIUM,PROVISIONAL,"[""COUNTER_LEADING_OMISSION"", ""LIST_FROM_MUTABLE_RAW_JSON""]",PRESENT,INFORMATIVE,dji-area-evidence-2026-09-08-final-1-impl-3,71,d8736e0d1a0c4cc52049873feb934b623bce46bac6cf5116666f56ed90f2934f,TIER2_STRONG,PLAIN_MD5_CATALOG_MATCH_BYTES_UNAVAILABLE,07c5a3a8-4aa1-4ced-b3e0-672092e68fc6,,07c5a3a8-4aa1-4ced-b3e0-672092e68fc6,bef134ac4f3fae308ff0715bf677b8a0,1,1170,0,,Alibek botirov 19,316e67dca0e914e4af25752c14984ad804e2cffd1e0e0aa74071520cbfac6022,87,86,6.099999904632568,URL_PATH_MATCH,OK,1787006757,1787006934,71,87,177.3,1774,660,319.6,5.900000095367432,6.400000095367432,v4-parse-1
688548592,1581F574B2387001009R,2026-08-17 22:48:54,2026-08-17 22:54:30,2026-08-18,7880.0,7880.0,7879.999955495198,7879.999955495198,RAW_CORROBORATED,HIGH,CERTIFIED,"[""LIST_FROM_MUTABLE_RAW_JSON""]",PRESENT,INFORMATIVE,dji-area-evidence-2026-09-08-final-1-impl-3,72,e591fd1c0005724b2a3df80ca70a05d85ffbfe12b861b93d04e145e453adaf2a,TIER2_STRONG,PLAIN_MD5_CATALOG_MATCH_BYTES_UNAVAILABLE,f4d4c36c-5c99-4560-b1b9-72475fd6bdfd,,f4d4c36c-5c99-4560-b1b9-72475fd6bdfd,d6932cc7ac214d9d43a9251e8f45794c,1,1171,0,,Alibek botirov 19,cb8866111d69150020614e258a7ab785ad316d8b7139e8a6999a2eba9d62cb1d,90,89,6.159999847412109,URL_PATH_MATCH,OK,1787006934,1787007270,72,90,335.8,3359,2221,1269.6,6.099999904632568,6.099999904632568,v4-parse-1
688560285,1581F574B2387001009R,2026-08-17 22:57:15,2026-08-17 23:04:37,2026-08-18,8840.0,8840.0,8833.333486070234,,RAW_CORROBORATED_QUALIFIED,MEDIUM,PROVISIONAL,"[""COUNTER_LEADING_OMISSION"", ""LIST_FROM_MUTABLE_RAW_JSON""]",PRESENT,INFORMATIVE,dji-area-evidence-2026-09-08-final-1-impl-3,75,fe21fb87a7703ff012f8563b95755877c82f9cc2112476cd8a93f7e77f0357b6,TIER2_STRONG,PLAIN_MD5_CATALOG_MATCH_BYTES_UNAVAILABLE,c4114e1b-1dab-4f3d-93d7-aee823d0bc04,,c4114e1b-1dab-4f3d-93d7-aee823d0bc04,c1697f0c4f94b7b69bbceea0a0d51104,1,1172,0,,Alibek botirov 19,2889bbb345a19cb616090d41474c3ebb84255544cbeaa3e325206d0c72f61ec1,96,95,6.139999866485596,URL_PATH_MATCH,OK,1787007435,1787007877,75,96,442.6,4427,2694,1446.3,5.800000190734863,6.400000095367432,v4-parse-1
688560292,1581F574B2387001009R,2026-08-17 23:04:37,2026-08-17 23:06:33,2026-08-18,920.0,920.0,920.0000762939453,920.0000762939453,RAW_CORROBORATED,HIGH,CERTIFIED,"[""LIST_FROM_MUTABLE_RAW_JSON""]",PRESENT,INFORMATIVE,dji-area-evidence-2026-09-08-final-1-impl-3,78,dddb9f1ed8820f82bcf8d6ec30b1c9ee801e81fef60b8e26216e6e068cbd3df8,TIER2_STRONG,PLAIN_MD5_CATALOG_MATCH_BYTES_UNAVAILABLE,c4114e1b-1dab-4f3d-93d7-aee823d0bc04,,c4114e1b-1dab-4f3d-93d7-aee823d0bc04,c1697f0c4f94b7b69bbceea0a0d51104,1,1172,0,,Alibek botirov 19,2889bbb345a19cb616090d41474c3ebb84255544cbeaa3e325206d0c72f61ec1,99,98,6.139999866485596,URL_PATH_MATCH,OK,1787007877,1787007993,78,99,115.2,1153,245,150.5,6.099999904632568,6.099999904632568,v4-parse-1
688572902,1581F574B2387001009R,2026-08-17 23:09:45,2026-08-17 23:18:18,2026-08-18,9940.0,9940.0,9926.66656523943,,RAW_CORROBORATED_QUALIFIED,MEDIUM,PROVISIONAL,"[""COUNTER_LEADING_OMISSION"", ""LIST_FROM_MUTABLE_RAW_JSON""]",PRESENT,INFORMATIVE,dji-area-evidence-2026-09-08-final-1-impl-3,79,c6288ba76a4ad25f6a003a09b6c10d9accc17172f121ab2db22dd8686703bf44,TIER2_STRONG,PLAIN_MD5_CATALOG_MATCH_BYTES_UNAVAILABLE,c4114e1b-1dab-4f3d-93d7-aee823d0bc04,,c4114e1b-1dab-4f3d-93d7-aee823d0bc04,c1697f0c4f94b7b69bbceea0a0d51104,1,1172,0,,Alibek botirov 19,2889bbb345a19cb616090d41474c3ebb84255544cbeaa3e325206d0c72f61ec1,105,104,6.139999866485596,URL_PATH_MATCH,OK,1787008185,1787008698,79,105,513.1,5132,2883,1607.2,6.099999904632568,6.099999904632568,v4-parse-1
688586422,1581F574B2387001009R,2026-08-17 23:22:29,2026-08-17 23:31:22,2026-08-18,8293.0,8293.0,8279.999720553556,,RAW_CORROBORATED_QUALIFIED,MEDIUM,PROVISIONAL,"[""COUNTER_LEADING_OMISSION"", ""LIST_FROM_MUTABLE_RAW_JSON""]",PRESENT,INFORMATIVE,dji-area-evidence-2026-09-08-final-1-impl-3,82,de6b866804b5916edd608ddd18aad5e7f72e3ffdfc7aae2694e277690e01eac3,TIER2_STRONG,PLAIN_MD5_CATALOG_MATCH_BYTES_UNAVAILABLE,e5d2d5d8-ae06-4230-86b1-3ff2e7dd749d,,e5d2d5d8-ae06-4230-86b1-3ff2e7dd749d,60d7797d8160dd9f3559f0ede070f543,1,1169,0,,Alibek botirov 19,c1a985435291a1150f3d6ebac9855cc03d07d3ea8c8c3863604da473ce9cf3a5,111,110,6.309999942779541,URL_PATH_MATCH,OK,1787008949,1787009482,82,111,533.6,5337,2816,1361.9,6.099999904632568,6.300000190734863,v4-parse-1
688592767,1581F574B2387001009R,2026-08-17 23:33:23,2026-08-17 23:36:22,2026-08-18,1566.0,1566.0,1566.6665968795617,,RAW_CORROBORATED_QUALIFIED,MEDIUM,PROVISIONAL,"[""COUNTER_LEADING_OMISSION"", ""LIST_FROM_MUTABLE_RAW_JSON""]",PRESENT,INFORMATIVE,dji-area-evidence-2026-09-08-final-1-impl-3,85,a9bccb7b99cd5e5975c8ad4cd047d025141ed2b3b62932f1ecae9c0d5e4ac581,TIER2_STRONG,PLAIN_MD5_CATALOG_MATCH_BYTES_UNAVAILABLE,e5d2d5d8-ae06-4230-86b1-3ff2e7dd749d,,e5d2d5d8-ae06-4230-86b1-3ff2e7dd749d,60d7797d8160dd9f3559f0ede070f543,1,1169,0,,Alibek botirov 19,c1a985435291a1150f3d6ebac9855cc03d07d3ea8c8c3863604da473ce9cf3a5,117,116,6.309999942779541,URL_PATH_MATCH,OK,1787009603,1787009782,85,117,179.3,1794,414,250.6,6.300000190734863,6.300000190734863,v4-parse-1
688608292,1581F574B2387001009R,2026-08-17 23:39:49,2026-08-17 23:47:36,2026-08-18,11186.0,11186.0,11173.333791395027,,RAW_CORROBORATED_QUALIFIED,MEDIUM,PROVISIONAL,"[""COUNTER_LEADING_OMISSION"", ""LIST_FROM_MUTABLE_RAW_JSON""]",PRESENT,INFORMATIVE,dji-area-evidence-2026-09-08-final-1-impl-3,87,021bbf11a1fc1251fb656e96916151981ea9e4918fd94d8cd4349b9e4c2791cb,TIER2_STRONG,PLAIN_MD5_CATALOG_MATCH_BYTES_UNAVAILABLE,e5d2d5d8-ae06-4230-86b1-3ff2e7dd749d,,e5d2d5d8-ae06-4230-86b1-3ff2e7dd749d,60d7797d8160dd9f3559f0ede070f543,1,1169,0,,Alibek botirov 19,c1a985435291a1150f3d6ebac9855cc03d07d3ea8c8c3863604da473ce9cf3a5,123,122,6.309999942779541,URL_PATH_MATCH,OK,1787009989,1787010456,87,123,467.4,4675,3000,1763.1,6.300000190734863,6.300000190734863,v4-parse-1
688620789,1581F574B2387001009R,2026-08-17 23:50:48,2026-08-17 23:57:47,2026-08-18,10480.0,10480.0,10473.33351150155,,RAW_CORROBORATED_QUALIFIED,MEDIUM,PROVISIONAL,"[""COUNTER_LEADING_OMISSION"", ""LIST_FROM_MUTABLE_RAW_JSON""]",PRESENT,INFORMATIVE,dji-area-evidence-2026-09-08-final-1-impl-3,89,6a19321c2a3f9f4e2ed0c82af473581549ac6ebcb406a49d6b764ef4b4d7ac10,TIER2_STRONG,PLAIN_MD5_CATALOG_MATCH_BYTES_UNAVAILABLE,e5d2d5d8-ae06-4230-86b1-3ff2e7dd749d,,e5d2d5d8-ae06-4230-86b1-3ff2e7dd749d,60d7797d8160dd9f3559f0ede070f543,1,1169,0,,Alibek botirov 19,c1a985435291a1150f3d6ebac9855cc03d07d3ea8c8c3863604da473ce9cf3a5,126,125,6.309999942779541,URL_PATH_MATCH,OK,1787010648,1787011067,89,126,419.3,4194,2762,1650.6,6.300000190734863,6.300000190734863,v4-parse-1
688637243,1581F574B2387001009R,2026-08-18 00:00:58,2026-08-18 00:08:44,2026-08-18,10313.0,10313.0,10306.666844834883,,RAW_CORROBORATED_QUALIFIED,MEDIUM,PROVISIONAL,"[""COUNTER_LEADING_OMISSION"", ""LIST_FROM_MUTABLE_RAW_JSON""]",PRESENT,INFORMATIVE,dji-area-evidence-2026-09-08-final-1-impl-3,91,d2bdcb2476042e803952ebb2f23708bab5d1e70d37704defd3dacc84982ac913,TIER2_STRONG,PLAIN_MD5_CATALOG_MATCH_BYTES_UNAVAILABLE,e5d2d5d8-ae06-4230-86b1-3ff2e7dd749d,,e5d2d5d8-ae06-4230-86b1-3ff2e7dd749d,60d7797d8160dd9f3559f0ede070f543,1,1169,0,,Alibek botirov 19,c1a985435291a1150f3d6ebac9855cc03d07d3ea8c8c3863604da473ce9cf3a5,129,128,6.309999942779541,URL_PATH_MATCH,OK,1787011258,1787011724,91,129,466.2,4663,3111,1625.2,6.300000190734863,6.300000190734863,v4-parse-1
688637245,1581F574B2387001009R,2026-08-18 00:08:44,2026-08-18 00:08:50,2026-08-18,0.0,0.0,0.0,0.0,COUNTER_ZERO,HIGH,CERTIFIED,"[""LIST_FROM_MUTABLE_RAW_JSON""]",PRESENT,INFORMATIVE,dji-area-evidence-2026-09-08-final-1-impl-3,94,57d01a7b33d038c30f70ca364b0654ae7d68b2d658522a12c618684cdb16e7f6,TIER5_UNKNOWN,MANUAL_NO_KEY,,,,,,,0,,,00f94703e33d40ab95ca31ca4460bc4e4f0080ce6bf336aa14a4c9ff2b4235f9,132,131,,URL_PATH_MATCH,OK,1787011724,1787011730,94,132,5.8,59,26,0.0,6.300000190734863,8.0,v4-parse-1
688637246,1581F574B2387001009R,2026-08-18 00:08:50,2026-08-18 00:09:59,2026-08-18,10313.0,0.0,0.0,0.0,COUNTER_FLAT_RAW_OVERSTATED,HIGH,CERTIFIED,"[""STRUCTURAL_RETAINED_CANDIDATE"", ""RETAINED_SCALAR_SOURCE_MATCH"", ""LIST_FROM_MUTABLE_RAW_JSON""]",NOT_OBSERVED,INFORMATIVE,dji-area-evidence-2026-09-08-final-1-impl-3,95,7fe59c9a1745d654a757ad3fcc80b60e9b9466e2b76cd4aaeeb16e4d8846f74b,TIER5_UNKNOWN,AUTO_NO_KEY,,,,,,,0,,,00f94703e33d40ab95ca31ca4460bc4e4f0080ce6bf336aa14a4c9ff2b4235f9,135,134,,URL_PATH_MATCH,OK,1787011730,1787011799,95,135,69.0,691,0,0.0,6.300000190734863,8.0,v4-parse-1
689264563,1581F574B2387001009R,2026-08-18 15:55:05,2026-08-18 16:02:35,2026-08-18,10106.0,10106.0,10099.99989842375,,RAW_CORROBORATED_QUALIFIED,MEDIUM,PROVISIONAL,"[""COUNTER_LEADING_OMISSION"", ""LIST_FROM_MUTABLE_RAW_JSON""]",PRESENT,INFORMATIVE,dji-area-evidence-2026-09-08-final-1-impl-3,144,470056653e8b3fc6e2b5e00ed54ccdee2375cddc9ad3e7c57b885b6bcf77e229,TIER2_STRONG,COMPOSITE_UUID_ONLY,716bab79-48fd-4bbf-9cbd-f2a1c57c65fa,716bab79-48fd-4bbf-9cbd-f2a1c57c65fa,,5191149887e5b2af44046f0537a66583,1,2784,0,,Kamoliddin omad,0a42a5f392a28432864c4b41c68ea45490893591c4c0047336e2ae28d1648403,323,322,6.28000020980835,URL_PATH_MATCH,OK,1787068505,1787068955,144,323,450.4,4505,2918,1601.0,6.199999809265137,6.199999809265137,v4-parse-1
689269694,1581F574B2387001009R,2026-08-18 16:09:20,2026-08-18 16:16:33,2026-08-18,9913.0,9913.0,9906.666590521732,,RAW_CORROBORATED_QUALIFIED,MEDIUM,PROVISIONAL,"[""COUNTER_LEADING_OMISSION"", ""LIST_FROM_MUTABLE_RAW_JSON""]",PRESENT,INFORMATIVE,dji-area-evidence-2026-09-08-final-1-impl-3,152,f9f5aa32153d792de5073eb300f46656f2f94854f48ddcabd3f2c0c68d244920,TIER2_STRONG,COMPOSITE_UUID_ONLY,716bab79-48fd-4bbf-9cbd-f2a1c57c65fa,716bab79-48fd-4bbf-9cbd-f2a1c57c65fa,,5191149887e5b2af44046f0537a66583,1,2784,0,,Kamoliddin omad,0a42a5f392a28432864c4b41c68ea45490893591c4c0047336e2ae28d1648403,341,340,6.28000020980835,URL_PATH_MATCH,OK,1787069360,1787069793,152,341,433.6,4337,2811,1559.4,6.199999809265137,6.199999809265137,v4-parse-1
689276048,1581F574B2387001009R,2026-08-18 16:22:39,2026-08-18 16:31:57,2026-08-18,9360.0,9360.0,9346.666641533375,,RAW_CORROBORATED_QUALIFIED,MEDIUM,PROVISIONAL,"[""COUNTER_LEADING_OMISSION"", ""LIST_FROM_MUTABLE_RAW_JSON""]",PRESENT,INFORMATIVE,dji-area-evidence-2026-09-08-final-1-impl-3,158,76d01df75ec394e5d9e47188ae56a9dcc12620b1413fd2c9a7c66e45391ed203,TIER2_STRONG,COMPOSITE_UUID_ONLY,716bab79-48fd-4bbf-9cbd-f2a1c57c65fa,716bab79-48fd-4bbf-9cbd-f2a1c57c65fa,,5191149887e5b2af44046f0537a66583,1,2784,0,,Kamoliddin omad,0a42a5f392a28432864c4b41c68ea45490893591c4c0047336e2ae28d1648403,362,361,6.28000020980835,URL_PATH_MATCH,OK,1787070159,1787070717,158,362,558.8,5589,3360,1505.3,6.199999809265137,6.199999809265137,v4-parse-1
689291315,1581F574B2387001009R,2026-08-18 17:12:39,2026-08-18 17:20:31,2026-08-18,9846.0,9846.0,9833.333638807137,,RAW_CORROBORATED_QUALIFIED,MEDIUM,PROVISIONAL,"[""COUNTER_LEADING_OMISSION"", ""LIST_FROM_MUTABLE_RAW_JSON""]",PRESENT,INFORMATIVE,dji-area-evidence-2026-09-08-final-1-impl-3,185,0aa17f712caf958fe29139885057227c0f179c860219385efbf9a6aa650f02ec,TIER2_STRONG,COMPOSITE_UUID_ONLY,73f5d697-1e8a-41e9-8d82-a16267d3719c,73f5d697-1e8a-41e9-8d82-a16267d3719c,,f37828237e9c7a4ffd47ce4b6e066d90,1,2785,0,,Kamoliddin omad,f6ff6fe8127c01fe2d8ed4c0b02bd5c2925d766baf0310b82c34fff7a94ece44,449,448,6.369999885559082,URL_PATH_MATCH,OK,1787073159,1787073631,185,449,472.3,4724,2806,1533.5,6.300000190734863,6.300000190734863,v4-parse-1
689294253,1581F574B2387001009R,2026-08-18 17:24:26,2026-08-18 17:32:42,2026-08-18,9940.0,9940.0,9926.66656523943,,RAW_CORROBORATED_QUALIFIED,MEDIUM,PROVISIONAL,"[""COUNTER_LEADING_OMISSION"", ""LIST_FROM_MUTABLE_RAW_JSON""]",PRESENT,INFORMATIVE,dji-area-evidence-2026-09-08-final-1-impl-3,190,909c5c3210f6d09de444c4d6997fe111d1b40f23c477685efa0098413b60f1ea,TIER2_STRONG,COMPOSITE_UUID_ONLY,73f5d697-1e8a-41e9-8d82-a16267d3719c,73f5d697-1e8a-41e9-8d82-a16267d3719c,,f37828237e9c7a4ffd47ce4b6e066d90,1,2785,0,,Kamoliddin omad,f6ff6fe8127c01fe2d8ed4c0b02bd5c2925d766baf0310b82c34fff7a94ece44,458,457,6.369999885559082,URL_PATH_MATCH,OK,1787073866,1787074362,190,458,496.7,4968,2766,1557.3,6.300000190734863,6.300000190734863,v4-parse-1
689298227,1581F574B2387001009R,2026-08-18 17:35:52,2026-08-18 17:44:25,2026-08-18,9913.0,9913.0,9906.666590521732,,RAW_CORROBORATED_QUALIFIED,MEDIUM,PROVISIONAL,"[""COUNTER_LEADING_OMISSION"", ""LIST_FROM_MUTABLE_RAW_JSON""]",PRESENT,INFORMATIVE,dji-area-evidence-2026-09-08-final-1-impl-3,196,7068bc5a2062fbbc91780adcd3f02c8fcc0c235e8d10884dff72fe5992c73f18,TIER2_STRONG,COMPOSITE_UUID_ONLY,73f5d697-1e8a-41e9-8d82-a16267d3719c,73f5d697-1e8a-41e9-8d82-a16267d3719c,,f37828237e9c7a4ffd47ce4b6e066d90,1,2785,0,,Kamoliddin omad,f6ff6fe8127c01fe2d8ed4c0b02bd5c2925d766baf0310b82c34fff7a94ece44,470,469,6.369999885559082,URL_PATH_MATCH,OK,1787074552,1787075065,196,470,513.5,5136,2752,1556.5,6.300000190734863,6.300000190734863,v4-parse-1
689302278,1581F574B2387001009R,2026-08-18 17:48:19,2026-08-18 17:55:52,2026-08-18,5506.0,5506.0,5500.000152736902,,RAW_CORROBORATED_QUALIFIED,MEDIUM,PROVISIONAL,"[""COUNTER_LEADING_OMISSION"", ""LIST_FROM_MUTABLE_RAW_JSON""]",PRESENT,INFORMATIVE,dji-area-evidence-2026-09-08-final-1-impl-3,202,6a0c50e7155b7f32715e1f7195c851a267f93c76309d314d500c1816a87c87ba,TIER2_STRONG,COMPOSITE_UUID_ONLY,73f5d697-1e8a-41e9-8d82-a16267d3719c,73f5d697-1e8a-41e9-8d82-a16267d3719c,,f37828237e9c7a4ffd47ce4b6e066d90,1,2785,0,,Kamoliddin omad,f6ff6fe8127c01fe2d8ed4c0b02bd5c2925d766baf0310b82c34fff7a94ece44,485,484,6.369999885559082,URL_PATH_MATCH,OK,1787075299,1787075752,202,485,453.3,4534,1660,855.9,6.300000190734863,6.300000190734863,v4-parse-1
689303735,1581F574B2387001009R,2026-08-18 17:57:19,2026-08-18 18:01:21,2026-08-18,4340.0,4340.0,4333.333486070235,,RAW_CORROBORATED_QUALIFIED,MEDIUM,PROVISIONAL,"[""COUNTER_LEADING_OMISSION"", ""LIST_FROM_MUTABLE_RAW_JSON""]",PRESENT,INFORMATIVE,dji-area-evidence-2026-09-08-final-1-impl-3,208,e95bfdd14be3f8832db6b0819b14ac118d4eb250e6e0ffa55ff685ea9a233e1e,TIER2_STRONG,COMPOSITE_UUID_ONLY,73f5d697-1e8a-41e9-8d82-a16267d3719c,73f5d697-1e8a-41e9-8d82-a16267d3719c,,f37828237e9c7a4ffd47ce4b6e066d90,1,2785,0,,Kamoliddin omad,f6ff6fe8127c01fe2d8ed4c0b02bd5c2925d766baf0310b82c34fff7a94ece44,494,493,6.369999885559082,URL_PATH_MATCH,OK,1787075839,1787076081,208,494,242.8,2429,1108,680.7,6.300000190734863,6.300000190734863,v4-parse-1
689306323,1581F574B2387001009R,2026-08-18 18:05:51,2026-08-18 18:12:33,2026-08-18,9033.0,9033.0,9013.333460936943,,RAW_CORROBORATED_QUALIFIED,MEDIUM,PROVISIONAL,"[""COUNTER_LEADING_OMISSION"", ""LIST_FROM_MUTABLE_RAW_JSON""]",PRESENT,INFORMATIVE,dji-area-evidence-2026-09-08-final-1-impl-3,211,81c6f7465505c84f9d3dc7b93684bdd34fc8abed236849708290b536d9d0c116,TIER2_STRONG,COMPOSITE_UUID_ONLY,73f5d697-1e8a-41e9-8d82-a16267d3719c,73f5d697-1e8a-41e9-8d82-a16267d3719c,,f37828237e9c7a4ffd47ce4b6e066d90,1,2785,0,,Kamoliddin omad,f6ff6fe8127c01fe2d8ed4c0b02bd5c2925d766baf0310b82c34fff7a94ece44,503,502,6.369999885559082,URL_PATH_MATCH,OK,1787076351,1787076753,211,503,401.9,4020,2360,1413.1,6.300000190734863,6.300000190734863,v4-parse-1
689309221,1581F574B2387001009R,2026-08-18 18:16:25,2026-08-18 18:25:16,2026-08-18,8166.0,8166.0,8153.333333631356,,RAW_CORROBORATED_QUALIFIED,MEDIUM,PROVISIONAL,"[""COUNTER_LEADING_OMISSION"", ""LIST_FROM_MUTABLE_RAW_JSON""]",PRESENT,INFORMATIVE,dji-area-evidence-2026-09-08-final-1-impl-3,214,8ac5a9cf4aa6876026e64d5feebce781f63830c61abd7ec7fa9c6cd6af4003a8,TIER2_STRONG,COMPOSITE_UUID_ONLY,73f5d697-1e8a-41e9-8d82-a16267d3719c,73f5d697-1e8a-41e9-8d82-a16267d3719c,,f37828237e9c7a4ffd47ce4b6e066d90,1,2785,0,,Kamoliddin omad,f6ff6fe8127c01fe2d8ed4c0b02bd5c2925d766baf0310b82c34fff7a94ece44,512,511,6.369999885559082,URL_PATH_MATCH,OK,1787076985,1787077516,214,512,531.5,5316,3496,1320.1,6.300000190734863,6.300000190734863,v4-parse-1
689311335,1581F574B2387001009R,2026-08-18 18:33:14,2026-08-18 18:36:35,2026-08-18,2546.0,2546.0,2539.99995564421,,RAW_CORROBORATED_QUALIFIED,MEDIUM,PROVISIONAL,"[""COUNTER_LEADING_OMISSION"", ""LIST_FROM_MUTABLE_RAW_JSON""]",PRESENT,INFORMATIVE,dji-area-evidence-2026-09-08-final-1-impl-3,217,fb57de90a8bd6841f082f04cfb0edba1e3b825246a977b9bba8dc15f0cf0d81f,TIER2_STRONG,PLAIN_MD5_CATALOG_MATCH_BYTES_UNAVAILABLE,a36f84d0-b05b-4b37-a5d7-dc1f790a3333,,a36f84d0-b05b-4b37-a5d7-dc1f790a3333,bba5f93a1238a97d831483b4d12c0416,1,1176,0,,Kamoliddin omad,f579c529b796029f569fdbafbb9626d27bcf44f33d6d9d34647c57db8907124f,554,553,6.03000020980835,URL_PATH_MATCH,OK,1787077994,1787078195,217,554,201.4,2015,986,467.2,6.0,6.0,v4-parse-1
689314827,1581F574B2387001009R,2026-08-18 18:41:04,2026-08-18 18:49:34,2026-08-18,8473.0,8473.0,8460.000025729338,,RAW_CORROBORATED_QUALIFIED,MEDIUM,PROVISIONAL,"[""COUNTER_LEADING_OMISSION"", ""LIST_FROM_MUTABLE_RAW_JSON""]",PRESENT,INFORMATIVE,dji-area-evidence-2026-09-08-final-1-impl-3,220,a4ba087cafcae2044db82432fc56a4104297e347bc5a3c4f4cf9d36ad40e2a95,TIER2_STRONG,COMPOSITE_UUID_ONLY,9324ceea-74bb-4349-88d2-945545cf553c,9324ceea-74bb-4349-88d2-945545cf553c,,30da407f81064ff67160520242354711,1,2786,0,,Kamoliddin omad,ddd91410f8ddede7aee971c96e2bc883d535696e5523a1de333fc54cebba6157,560,559,6.559999942779541,URL_PATH_MATCH,OK,1787078464,1787078974,220,560,510.8,5109,2790,1305.8,6.5,6.5,v4-parse-1
